"name","price","oldPrice","discount","rating","ratingPercent","url","image"
"BLWOENS Men's Formal Shoes Tuxedo Dress Shoes Classic Oxfords Faux Patent Leather Shoe for Men Business Wedding Suit - Black","KSh 1,206","KSh 2,680","55%","4 out of 5",80,"https://www.jumia.co.ke/blwoens-mens-formal-shoes-tuxedo-dress-shoes-classic-oxfords-faux-patent-leather-shoe-for-men-business-wedding-suit-black-269541527.html","https://ke.jumia.is/unsafe/fit-in/300x300/filters:fill(white)/product/72/5145962/1.jpg?3190"
"FUXING FASHION men formal shoes leather shoes","KSh 670","KSh 1,072","38%","3.7 out of 5",74,"https://www.jumia.co.ke/fuxing-fashion-men-formal-shoes-leather-shoes-318237286.html","https://ke.jumia.is/unsafe/fit-in/300x300/filters:fill(white)/product/68/2732813/1.jpg?9919"
"Amazing Men Fashion British Business Leather Shoes - Black","KSh 972","KSh 3,618","73%","3.5 out of 5",70,"https://www.jumia.co.ke/amazing-men-fashion-british-business-leather-shoes-black-169402819.html","https://ke.jumia.is/unsafe/fit-in/300x300/filters:fill(white)/product/91/8204961/1.jpg?3176"
"SHJO Loafers Men Oxford Male Breathable Casual Faux Leather Flexible Lightweight Elegant Slip-on Classic Formal Shoes  - Black","KSh 1,274 - KSh 1,349","KSh 2,546","50%","3.8 out of 5",76,"https://www.jumia.co.ke/shjo-loafers-men-oxford-male-breathable-casual-faux-leather-flexible-lightweight-elegant-slip-on-classic-formal-shoes-black-326506487.html","https://ke.jumia.is/unsafe/fit-in/300x300/filters:fill(white)/product/78/4605623/1.jpg?2076"
"GALUIN Mens Business Shoes","KSh 965","KSh 3,154","69%","3.7 out of 5",74,"https://www.jumia.co.ke/galuin-mens-business-shoes-65410344.html","https://ke.jumia.is/unsafe/fit-in/300x300/filters:fill(white)/product/44/301456/1.jpg?5765"
"Smartraha life RahaLife 5-layer Shoe Rack/Coat Rack/Cap Scarf Bag Cloths Hanger Household Storage Bedroom","KSh 1,099","KSh 2,999","63%","3.9 out of 5",78,"https://www.jumia.co.ke/smartraha-life-rahalife-5-layer-shoe-rackcoat-rackcap-scarf-bag-cloths-hanger-household-storage-bedroom-325925029.html","https://ke.jumia.is/unsafe/fit-in/300x300/filters:fill(white)/product/92/0529523/1.jpg?4354"
"AIDAILU Men's Formal Leather Shoes Business Elegant British Style Shoes - Black","KSh 938","KSh 1,742","46%","3.6 out of 5",72,"https://www.jumia.co.ke/aidailu-mens-formal-leather-shoes-business-elegant-british-style-shoes-black-172410360.html","https://ke.jumia.is/unsafe/fit-in/300x300/filters:fill(white)/product/06/3014271/1.jpg?9421"
"KANGERDUN Men's Formal Leather Shoes Business Elegance - Black","KSh 1,114","KSh 2,278","51%","3.5 out of 5",70,"https://www.jumia.co.ke/kangerdun-mens-formal-leather-shoes-business-elegance-black-324984739.html","https://ke.jumia.is/unsafe/fit-in/300x300/filters:fill(white)/product/93/7489423/1.jpg?7285"
"Children's Sport Lightweight Casual Shoes Boy Girls Breathable Mesh Comfort Kids Sneakers - Black","KSh 394 - KSh 600","KSh 670","41%","4.2 out of 5",84,"https://www.jumia.co.ke/fashion-childrens-sport-lightweight-casual-shoes-boy-girls-breathable-mesh-comfort-kids-sneakers-black-325469993.html","https://ke.jumia.is/unsafe/fit-in/300x300/filters:fill(white)/product/39/9964523/1.jpg?4892"
"GALUIN GALUIN Black Lace-Up Fashion Sneakers - Breathable, Non-Slip, Unisex, Sizes 41-47","KSh 938","KSh 1,508","38%","3.6 out of 5",72,"https://www.jumia.co.ke/galuin-galuin-black-lace-up-fashion-sneakers-breathable-non-slip-unisex-sizes-41-47-141426294.html","https://ke.jumia.is/unsafe/fit-in/300x300/filters:fill(white)/product/49/2624141/1.jpg?9904"
"AIDAILU Men's Formal Shoes PU Leather Classic Male Casual Moccasins Loafers - Black","KSh 1,340","KSh 2,680","50%","3.7 out of 5",74,"https://www.jumia.co.ke/aidailu-mens-formal-shoes-pu-leather-classic-male-casual-moccasins-loafers-black-306785188.html","https://ke.jumia.is/unsafe/fit-in/300x300/filters:fill(white)/product/88/1587603/1.jpg?8354"
"Nunix 5 Layer Shoe Rack – black","KSh 428","KSh 600","29%","3.7 out of 5",74,"https://www.jumia.co.ke/nunix-5-layer-shoe-rack-black-184490839.html","https://ke.jumia.is/unsafe/fit-in/300x300/filters:fill(white)/product/93/8094481/1.jpg?3370"
"CYFAZA 5-Tiers Shoe Rack Storage Organizer 18 Pairs Large Capacity","KSh 1,099","KSh 2,005","45%","3.8 out of 5",76,"https://www.jumia.co.ke/cyfaza-5-tiers-shoe-rack-storage-organizer-18-pairs-large-capacity-306426729.html","https://ke.jumia.is/unsafe/fit-in/300x300/filters:fill(white)/product/92/7624603/1.jpg?1906"
"AIDAILU Men's Formal Shoes Leather Shoes Comfort Casual Waterproof Oxford Shoes - Black","KSh 1,240","KSh 2,412","49%","3.6 out of 5",72,"https://www.jumia.co.ke/aidailu-mens-formal-shoes-leather-shoes-comfort-casual-waterproof-oxford-shoes-black-70352277.html","https://ke.jumia.is/unsafe/fit-in/300x300/filters:fill(white)/product/77/225307/1.jpg?6766"
"FUXING FASHION men formal shoes leather shoes","KSh 670","KSh 1,072","38%","3.3 out of 5",66,"https://www.jumia.co.ke/fuxing-fashion-men-formal-shoes-leather-shoes-317937506.html","https://ke.jumia.is/unsafe/fit-in/300x300/filters:fill(white)/product/60/5739713/1.jpg?5848"
"BLWOENS Men's Formal Shoes Tuxedo Dress Shoes Classic Oxfords Faux Patent Leather Shoe Lace-up Dress Shoes for Business Wedding Suit  - Black","KSh 1,206","KSh 1,742","31%","3.7 out of 5",74,"https://www.jumia.co.ke/blwoens-mens-formal-shoes-tuxedo-dress-shoes-classic-oxfords-faux-patent-leather-shoe-lace-up-dress-shoes-for-business-wedding-suit-black-260816915.html","https://ke.jumia.is/unsafe/fit-in/300x300/filters:fill(white)/product/51/9618062/1.jpg?3384"
"Banagat Men's Comfortable Casual Loafers & Slip-ons Formal Corporate Shoes Black","KSh 2,900","KSh 4,690","38%","4.5 out of 5",90,"https://www.jumia.co.ke/banagat-mens-comfortable-casual-loafers-slip-ons-formal-corporate-shoes-black-325719699.html","https://ke.jumia.is/unsafe/fit-in/300x300/filters:fill(white)/product/99/6917523/1.jpg?4342"
"Nunix 5 Layer Shoe Rack Black (Smaller Design) SR5L","KSh 480","KSh 599","20%","3.5 out of 5",70,"https://www.jumia.co.ke/nunix-5-layer-shoe-rack-black-smaller-design-sr5l-160082187.html","https://ke.jumia.is/unsafe/fit-in/300x300/filters:fill(white)/product/78/1280061/1.jpg?2567"
"SHJO Sneakers Men Casual Synthetic Leather Breathable Lightweight Flat Walking Fashion Trendy Shoes - White","KSh 959 - KSh 1,079","KSh 2,010","52%","4.5 out of 5",90,"https://www.jumia.co.ke/shjo-sneakers-men-casual-synthetic-leather-breathable-lightweight-flat-walking-fashion-trendy-shoes-white-326506519.html","https://ke.jumia.is/unsafe/fit-in/300x300/filters:fill(white)/product/91/5605623/1.jpg?5421"
"Children Shoes Kid's Sports Shoes Anti slip Boys Board Sneakers Soft Sole Baby","KSh 1,340","KSh 3,350","60%","4.5 out of 5",90,"https://www.jumia.co.ke/fashion-children-shoes-kids-sports-shoes-anti-slip-boys-board-sneakers-soft-sole-baby-326426949.html","https://ke.jumia.is/unsafe/fit-in/300x300/filters:fill(white)/product/94/9624623/1.jpg?4269"
"VANHUHU Men's Italian Corporate Classic Formal Loafers Slip-Ons Flat Business Shoes Black","KSh 2,790","KSh 3,350","17%","3.9 out of 5",78,"https://www.jumia.co.ke/vanhuhu-mens-italian-corporate-classic-formal-loafers-slip-ons-flat-business-shoes-black-325438705.html","https://ke.jumia.is/unsafe/fit-in/300x300/filters:fill(white)/product/50/7834523/1.jpg?1732"
"BLWOENS Men's Formal Shoes Tuxedo Dress Shoes Classic Oxfords Faux Patent Leather Shoe Lace-up Dress Shoes for Business Wedding Suit - Black","KSh 1,206","KSh 2,010","40%","3.8 out of 5",76,"https://www.jumia.co.ke/blwoens-mens-formal-shoes-tuxedo-dress-shoes-classic-oxfords-faux-patent-leather-shoe-lace-up-dress-shoes-for-business-wedding-suit-black-269541532.html","https://ke.jumia.is/unsafe/fit-in/300x300/filters:fill(white)/product/23/5145962/1.jpg?2540"
"AIDAILU Men's Formal Leather Shoes Business Elegant Shoes - Black","KSh 1,206","KSh 2,010","40%","3.9 out of 5",78,"https://www.jumia.co.ke/aidailu-mens-formal-leather-shoes-business-elegant-shoes-black-325632845.html","https://ke.jumia.is/unsafe/fit-in/300x300/filters:fill(white)/product/54/8236523/1.jpg?6487"
"EU40-47 Wholesale Large-size Men's Shoes British-style Men's Casual Leather Shoes Tassel Loafers Slip-on Moccasins Formal Shoes Mens Shoes Loafers Shoes Business Shoes Flats Shoes For Mens Work Shoes","KSh 899 - KSh 1,206","KSh 2,412","63%","3.6 out of 5",72,"https://www.jumia.co.ke/fashion-eu40-47-wholesale-large-size-mens-shoes-british-style-mens-casual-leather-shoes-tassel-loafers-slip-on-moccasins-formal-shoes-mens-shoes-loafers-shoes-business-shoes-flats-shoes-for-mens-work-shoes-327321154.html","https://ke.jumia.is/unsafe/fit-in/300x300/filters:fill(white)/product/45/1123723/1.jpg?2182"
"BLWOENS Men's Leather Shoes Oxford Shoes for Men Formal Shoes Pointed Lace Up Business Tuxedo Shoes- Black","KSh 1,206","KSh 2,144","44%","4 out of 5",80,"https://www.jumia.co.ke/blwoens-mens-leather-shoes-oxford-shoes-for-men-formal-shoes-pointed-lace-up-business-tuxedo-shoes-black-269541523.html","https://ke.jumia.is/unsafe/fit-in/300x300/filters:fill(white)/product/32/5145962/1.jpg?5100"
"VEOUNDK Men's Low-Top Martin Boots - Black","KSh 986","KSh 2,025","51%","3 out of 5",60,"https://www.jumia.co.ke/veoundk-mens-low-top-martin-boots-black-327482316.html","https://ke.jumia.is/unsafe/fit-in/300x300/filters:fill(white)/product/61/3284723/1.jpg?4665"
"GLARPEBIE Men's Formal Shoes Leather Shoes for Men Formal Pointed Business Tuxedo Shoes - Black","KSh 1,206","KSh 2,412","50%","3 out of 5",60,"https://www.jumia.co.ke/glarpebie-mens-formal-shoes-leather-shoes-for-men-formal-pointed-business-tuxedo-shoes-black-325815301.html","https://ke.jumia.is/unsafe/fit-in/300x300/filters:fill(white)/product/10/3518523/1.jpg?6395"
"Amazing Men Glossy Tassel Brogue Leather Shoes Loafers & Slip-ons Formal Corporate Black","KSh 1,210","KSh 4,020","70%","4.1 out of 5",,"https://www.jumia.co.ke/amazing-men-glossy-tassel-brogue-leather-shoes-loafers-slip-ons-formal-corporate-black-325425634.html","https://ke.jumia.is/unsafe/fit-in/300x300/filters:fill(white)/product/43/6524523/1.jpg?3240"
"RahaLife 5 Layers Shoes Racks Assemble Shelves Storage Organizing Rack Small Furniturer","KSh 699","KSh 1,699","59%","3.8 out of 5",76,"https://www.jumia.co.ke/generic-rahalife-5-layers-shoes-racks-assemble-shelves-storage-organizing-rack-small-furniturer-327885604.html","https://ke.jumia.is/unsafe/fit-in/300x300/filters:fill(white)/product/40/6588723/1.jpg?3135"
"Men's Formal Flat Business Shoes Loafers Italian Official Black","KSh 1,601","KSh 2,412","34%","4.8 out of 5",96,"https://www.jumia.co.ke/fashion-mens-formal-flat-business-shoes-loafers-italian-official-black-326480486.html","https://ke.jumia.is/unsafe/fit-in/300x300/filters:fill(white)/product/68/4084623/1.jpg?6647"
"Men's Oxford shoes, business formal wear, wedding shoes, office shoes, brogue shoes, carved pattern - black","KSh 1,279","KSh 3,350","62%","3.8 out of 5",76,"https://www.jumia.co.ke/fashion-mens-oxford-shoes-business-formal-wear-wedding-shoes-office-shoes-brogue-shoes-carved-pattern-black-326335830.html","https://ke.jumia.is/unsafe/fit-in/300x300/filters:fill(white)/product/03/8533623/1.jpg?1732"
"Banagat Men's Black PU Leather Slip-On Formal Loafers","KSh 2,950","KSh 6,030","51%","3.9 out of 5",78,"https://www.jumia.co.ke/banagat-mens-black-pu-leather-slip-on-formal-loafers-325681473.html","https://ke.jumia.is/unsafe/fit-in/300x300/filters:fill(white)/product/37/4186523/1.jpg?4332"
"Banagat Men's Comfortable Casual Loafers & Slip-ons Formal Corporate Shoes Brown","KSh 2,900","KSh 4,690","38%","4.6 out of 5",,"https://www.jumia.co.ke/banagat-mens-comfortable-casual-loafers-slip-ons-formal-corporate-shoes-brown-325719701.html","https://ke.jumia.is/unsafe/fit-in/300x300/filters:fill(white)/product/10/7917523/1.jpg?4341"
"GLARPEBIE Men's Formal Shoes Leather Shoes for Men Formal Pointed Business Tuxedo Shoes  - Black","KSh 1,206","KSh 2,412","50%","3.8 out of 5",76,"https://www.jumia.co.ke/glarpebie-mens-formal-shoes-leather-shoes-for-men-formal-pointed-business-tuxedo-shoes-black-325815296.html","https://ke.jumia.is/unsafe/fit-in/300x300/filters:fill(white)/product/69/2518523/1.jpg?6391"
"Arsuxeo Baby Children Sandals Cute Cartoon Boys Infants Walking Shoes","KSh 134","KSh 2,144","94%","4 out of 5",80,"https://www.jumia.co.ke/arsuxeo-baby-children-sandals-cute-cartoon-boys-infants-walking-shoes-326530179.html","https://ke.jumia.is/unsafe/fit-in/300x300/filters:fill(white)/product/97/1035623/1.jpg?1022"
"BLWOENS Men's Formal Shoes Tuxedo Dress Shoes Classic Oxfords Faux Patent Leather Shoes for Men Lace-up Dress Shoes for Business Wedding Suit - Black","KSh 1,206","KSh 2,144","44%","4.4 out of 5",,"https://www.jumia.co.ke/blwoens-mens-formal-shoes-tuxedo-dress-shoes-classic-oxfords-faux-patent-leather-shoes-for-men-lace-up-dress-shoes-for-business-wedding-suit-black-325815277.html","https://ke.jumia.is/unsafe/fit-in/300x300/filters:fill(white)/product/77/2518523/1.jpg?6309"
"VANHUHU Men's Black Slip-On Formal Loafers - Classic Oxford Style, Comfortable Textile","KSh 2,790","KSh 2,980","6%","3.8 out of 5",76,"https://www.jumia.co.ke/vanhuhu-mens-black-slip-on-formal-loafers-classic-oxford-style-comfortable-textile-326150378.html","https://ke.jumia.is/unsafe/fit-in/300x300/filters:fill(white)/product/87/3051623/1.jpg?1100"
"Banagat Men's Brown PU Leather Lace-Up Formal Shoes","KSh 2,203","KSh 2,474","11%","3.8 out of 5",76,"https://www.jumia.co.ke/banagat-mens-brown-pu-leather-lace-up-formal-shoes-169860866.html","https://ke.jumia.is/unsafe/fit-in/300x300/filters:fill(white)/product/66/8068961/1.jpg?7144"
"Arsuxeo 4-13 Years Kids Shoes Sneakers Children Casual Boys Board Shoes","KSh 938","KSh 4,020","77%","4.2 out of 5",84,"https://www.jumia.co.ke/arsuxeo-4-13-years-kids-shoes-sneakers-children-casual-boys-board-shoes-326689967.html","https://ke.jumia.is/unsafe/fit-in/300x300/filters:fill(white)/product/76/9986623/1.jpg?6398"
"Gentleman Business Formal Casual Breathable Mens Leather Shoes - Brown","KSh 1,104 - KSh 1,179","KSh 2,010","45%","4.6 out of 5",,"https://www.jumia.co.ke/fashion-gentleman-business-formal-casual-breathable-mens-leather-shoes-brown-309419663.html","https://ke.jumia.is/unsafe/fit-in/300x300/filters:fill(white)/product/36/6914903/1.jpg?5646"
"Arsuxeo 1-7 Years Child Sports Shoes Breathable Kids Boys Girls Sneakers LED Light","KSh 821 - KSh 1,080","KSh 3,375 - KSh 4,050","76%","4.4 out of 5",,"https://www.jumia.co.ke/arsuxeo-1-7-years-child-sports-shoes-breathable-kids-boys-girls-sneakers-led-light-326554880.html","https://ke.jumia.is/unsafe/fit-in/300x300/filters:fill(white)/product/08/8455623/1.jpg?7187"
"Textured Pattern Men Casual Gentleman Business Formal Leather Shoes - Black","KSh 1,104 - KSh 1,179","KSh 2,010","45%","3.4 out of 5",68,"https://www.jumia.co.ke/fashion-textured-pattern-men-casual-gentleman-business-formal-leather-shoes-black-309420657.html","https://ke.jumia.is/unsafe/fit-in/300x300/filters:fill(white)/product/75/6024903/1.jpg?2932"
"SXCHEN Men's Stylish Business Formal Office Leather Shoes","KSh 1,119 - KSh 1,399","KSh 2,238","50%","3.4 out of 5",68,"https://www.jumia.co.ke/sxchen-mens-stylish-business-formal-office-leather-shoes-314593190.html","https://ke.jumia.is/unsafe/fit-in/300x300/filters:fill(white)/product/09/1395413/1.jpg?9880"
"RahaLife 7 Layers Shoes Racks Assemble Shelves Storage Organizing Rack Small Furniturer","KSh 869","KSh 1,999","57%","3.8 out of 5",76,"https://www.jumia.co.ke/generic-rahalife-7-layers-shoes-racks-assemble-shelves-storage-organizing-rack-small-furniturer-326704557.html","https://ke.jumia.is/unsafe/fit-in/300x300/filters:fill(white)/product/75/5407623/1.jpg?6850"
"VANHUHU Men's Office Formal Loafers Slip-Ons Flat Business Shoes Khaki","KSh 1,780","KSh 2,680","34%","5 out of 5",100,"https://www.jumia.co.ke/vanhuhu-mens-office-formal-loafers-slip-ons-flat-business-shoes-khaki-326128287.html","https://ke.jumia.is/unsafe/fit-in/300x300/filters:fill(white)/product/78/2821623/1.jpg?7738"
"Men's Formal Oxford Official Corporate Lace up Flat Business Shoes Black","KSh 1,800","KSh 2,412","25%","4 out of 5",80,"https://www.jumia.co.ke/fashion-mens-formal-oxford-official-corporate-lace-up-flat-business-shoes-black-326458043.html","https://ke.jumia.is/unsafe/fit-in/300x300/filters:fill(white)/product/34/0854623/1.jpg?2761"
"Gentleman Business Formal Casual Soft Breathable Mens Leather Shoes - Black","KSh 1,104 - KSh 1,179","KSh 2,010","45%","2.5 out of 5",50,"https://www.jumia.co.ke/fashion-gentleman-business-formal-casual-soft-breathable-mens-leather-shoes-black-309421192.html","https://ke.jumia.is/unsafe/fit-in/300x300/filters:fill(white)/product/29/1124903/1.jpg?3367"
"SHJO Men's Luxury Wedding Office Formal Shoes Loafers Oxfords Formal Flat Black","KSh 1,199 - KSh 1,274","KSh 2,546","53%","4.7 out of 5",94,"https://www.jumia.co.ke/shjo-mens-luxury-wedding-office-formal-shoes-loafers-oxfords-formal-flat-black-326506529.html","https://ke.jumia.is/unsafe/fit-in/300x300/filters:fill(white)/product/92/5605623/1.jpg?8742"
"Smartraha life RahaLife 7 Layers Shoes Racks Assemble Shelves Storage Organizing Rack Small furniturer High-footed design","KSh 849","KSh 1,299","35%","3.8 out of 5",76,"https://www.jumia.co.ke/smartraha-life-rahalife-7-layers-shoes-racks-assemble-shelves-storage-organizing-rack-small-furniturer-high-footed-design-325848293.html","https://ke.jumia.is/unsafe/fit-in/300x300/filters:fill(white)/product/39/2848523/1.jpg?6562"
"EU40-47 High-end Large-size Men's Business Leather Shoes With A Sense Of Luxury Shiny Formal Shoes Suitable For Young Men's Casual And Versatile Wear Formal Shoes Mens Shoes Loafers Shoes Business Shoes Flats Shoes For Mens Work Shoes","KSh 899 - KSh 1,206","KSh 2,680","67%","4.3 out of 5",86,"https://www.jumia.co.ke/fashion-eu40-47-high-end-large-size-mens-business-leather-shoes-with-a-sense-of-luxury-shiny-formal-shoes-suitable-for-young-mens-casual-and-versatile-wear-formal-shoes-mens-shoes-loafers-shoes-business-shoes-flats-shoes-for-mens-work-shoes-327321387.html","https://ke.jumia.is/unsafe/fit-in/300x300/filters:fill(white)/product/78/3123723/1.jpg?6135"
"Men's Pointed Toe Dress Shoes, Non-Slip Business Shoes, Formal Oxford Lace-Up Shoes for Men, Wedding Shoes, Men's Leather Shoes - Black","KSh 1,300","KSh 2,278","43%","3.4 out of 5",68,"https://www.jumia.co.ke/fashion-mens-pointed-toe-dress-shoes-non-slip-business-shoes-formal-oxford-lace-up-shoes-for-men-wedding-shoes-mens-leather-shoes-black-324857673.html","https://ke.jumia.is/unsafe/fit-in/300x300/filters:fill(white)/product/37/6758423/1.jpg?1153"
"Banagat Men's Oxfords Office Loafers Wedding Formal Shoes Corporate Black","KSh 1,936","KSh 2,763","30%","4.1 out of 5",,"https://www.jumia.co.ke/banagat-mens-oxfords-office-loafers-wedding-formal-shoes-corporate-black-148053782.html","https://ke.jumia.is/unsafe/fit-in/300x300/filters:fill(white)/product/28/7350841/1.jpg?7105"
"Men's Black Loafers - Casual Slip-On Business Shoes Rubber Sole","KSh 1,301","KSh 2,412","46%","3 out of 5",60,"https://www.jumia.co.ke/fashion-mens-black-loafers-casual-slip-on-business-shoes-rubber-sole-326458753.html","https://ke.jumia.is/unsafe/fit-in/300x300/filters:fill(white)/product/35/7854623/1.jpg?7122"
"SHJO Dress Shoes Men Business Office Wedding Faux Leather Non-slip Wear-resistant Comfortable Slip On Formal Loafers Black","KSh 1,024 - KSh 1,359","KSh 3,082","67%","4.2 out of 5",84,"https://www.jumia.co.ke/shjo-dress-shoes-men-business-office-wedding-faux-leather-non-slip-wear-resistant-comfortable-slip-on-formal-loafers-black-326506490.html","https://ke.jumia.is/unsafe/fit-in/300x300/filters:fill(white)/product/09/4605623/1.jpg?0336"
"SHJO Men'S Stylish Black Slip-On Dress Shoes - Business Casual Wedding Party","KSh 1,147","KSh 2,278","50%","5 out of 5",100,"https://www.jumia.co.ke/shjo-mens-stylish-black-slip-on-dress-shoes-business-casual-wedding-party-326849895.html","https://ke.jumia.is/unsafe/fit-in/300x300/filters:fill(white)/product/59/8948623/1.jpg?7873"
"BLWOENS Men's Formal Shoes Tuxedo Dress Shoes Classic Oxfords Faux Patent Leather Shoe for Men Business Wedding Suit- Black","KSh 1,005","KSh 2,680","63%","3.9 out of 5",78,"https://www.jumia.co.ke/blwoens-mens-formal-shoes-tuxedo-dress-shoes-classic-oxfords-faux-patent-leather-shoe-for-men-business-wedding-suit-black-269541525.html","https://ke.jumia.is/unsafe/fit-in/300x300/filters:fill(white)/product/52/5145962/1.jpg?6976"
"VEOUNDK New Men's Fashion Leather Shoes - black","KSh 1,327","KSh 2,144","38%","4 out of 5",80,"https://www.jumia.co.ke/veoundk-new-mens-fashion-leather-shoes-black-327524812.html","https://ke.jumia.is/unsafe/fit-in/300x300/filters:fill(white)/product/21/8425723/1.jpg?6103"
"SHJO Loafers Men Comfortable Business Faux Leather Lightweight Slip-on Driving Moccasins Casual Shoes - Black","KSh 648 - KSh 720","KSh 1,474","56%",,,"https://www.jumia.co.ke/shjo-loafers-men-comfortable-business-faux-leather-lightweight-slip-on-driving-moccasins-casual-shoes-black-326562727.html","https://ke.jumia.is/unsafe/fit-in/300x300/filters:fill(white)/product/72/7265623/1.jpg?6811"
"Men's Oxford Shoes Business Wedding Office Dress Pointed British Style Strap - Black","KSh 1,279","KSh 3,350","62%","2 out of 5",40,"https://www.jumia.co.ke/fashion-mens-oxford-shoes-business-wedding-office-dress-pointed-british-style-strap-black-326336849.html","https://ke.jumia.is/unsafe/fit-in/300x300/filters:fill(white)/product/94/8633623/1.jpg?4403"
"CYFAZA 5-Tier Metal Shoe Rack Hat Rack, Entryway Durable Storage Organizer","KSh 1,600","KSh 3,006","47%","3.7 out of 5",74,"https://www.jumia.co.ke/cyfaza-5-tier-metal-shoe-rack-hat-rack-entryway-durable-storage-organizer-306426730.html","https://ke.jumia.is/unsafe/fit-in/300x300/filters:fill(white)/product/03/7624603/1.jpg?0571"
"Mens Gentleman Business Formal Breathable Comfortable Leather Shoes - Black","KSh 1,018","KSh 2,010","49%","3.5 out of 5",70,"https://www.jumia.co.ke/fashion-mens-gentleman-business-formal-breathable-comfortable-leather-shoes-black-309420652.html","https://ke.jumia.is/unsafe/fit-in/300x300/filters:fill(white)/product/25/6024903/1.jpg?3454"
"BLWOENS Men's Leather Shoes Oxford Shoes for Men Formal Shoes Pointed Lace Up Business Tuxedo Shoes - Black","KSh 1,005 - KSh 1,206","KSh 1,876","46%","3.9 out of 5",78,"https://www.jumia.co.ke/blwoens-mens-leather-shoes-oxford-shoes-for-men-formal-shoes-pointed-lace-up-business-tuxedo-shoes-black-325815269.html","https://ke.jumia.is/unsafe/fit-in/300x300/filters:fill(white)/product/96/2518523/1.jpg?5136"
"Banagat Men's Formal Lace-Up Shoes - PU Leather Blue","KSh 2,203","KSh 2,474","11%","4.1 out of 5",,"https://www.jumia.co.ke/banagat-mens-formal-lace-up-shoes-pu-leather-blue-169858143.html","https://ke.jumia.is/unsafe/fit-in/300x300/filters:fill(white)/product/34/1858961/1.jpg?3353"
"VANHUHU Men's Tassel Corporate Formal Loafers Slip-Ons Flat Business Shoes Brown","KSh 1,450","KSh 2,680","46%",,,"https://www.jumia.co.ke/vanhuhu-mens-tassel-corporate-formal-loafers-slip-ons-flat-business-shoes-brown-325446515.html","https://ke.jumia.is/unsafe/fit-in/300x300/filters:fill(white)/product/51/5644523/1.jpg?9423"
"Banagat Men's Black PU Leather Casual Oxfords Shoes","KSh 1,770 - KSh 2,258","KSh 2,680","34%","4 out of 5",80,"https://www.jumia.co.ke/banagat-mens-black-pu-leather-casual-oxfords-shoes-317205452.html","https://ke.jumia.is/unsafe/fit-in/300x300/filters:fill(white)/product/25/4502713/1.jpg?0309"
"Smartraha life RahaLife 5-layer Shoe Rack Coat Rack Cap Scarf Bag Cloths Hanger Household Storage Bedroom","KSh 1,055","KSh 2,999","65%","3.7 out of 5",74,"https://www.jumia.co.ke/smartraha-life-rahalife-5-layer-shoe-rack-coat-rack-cap-scarf-bag-cloths-hanger-household-storage-bedroom-326760894.html","https://ke.jumia.is/unsafe/fit-in/300x300/filters:fill(white)/product/49/8067623/1.jpg?1589"
"Men's  Formal Glossy Tassel Brogue Shoes Loafers & Slip-ons Formal Black","KSh 2,137 - KSh 2,726","KSh 3,087","31%","4.1 out of 5",,"https://www.jumia.co.ke/fashion-mens-formal-glossy-tassel-brogue-shoes-loafers-slip-ons-formal-black-178013928.html","https://ke.jumia.is/unsafe/fit-in/300x300/filters:fill(white)/product/82/9310871/1.jpg?8535"
"VANHUHU Men's Corporate Italian Oxford Flat Business Formal Loafer Lace up Shoes Brown","KSh 1,754 - KSh 2,014","KSh 2,700","35%","4.4 out of 5",,"https://www.jumia.co.ke/vanhuhu-mens-corporate-italian-oxford-flat-business-formal-loafer-lace-up-shoes-brown-324604865.html","https://ke.jumia.is/unsafe/fit-in/300x300/filters:fill(white)/product/56/8406423/1.jpg?5676"
"Mens Casual Comfortable Gentleman Business Formal Leather Shoes - Black","KSh 964","KSh 2,010","52%","3 out of 5",60,"https://www.jumia.co.ke/fashion-mens-casual-comfortable-gentleman-business-formal-leather-shoes-black-309420043.html","https://ke.jumia.is/unsafe/fit-in/300x300/filters:fill(white)/product/34/0024903/1.jpg?3545"
"GALUIN Men's Flat Designer Footwear Breathable Casual Loafers Italian Shoes Black","KSh 780","KSh 1,674","53%","3.2 out of 5",64,"https://www.jumia.co.ke/galuin-mens-flat-designer-footwear-breathable-casual-loafers-italian-shoes-black-305033384.html","https://ke.jumia.is/unsafe/fit-in/300x300/filters:fill(white)/product/48/3330503/1.jpg?4848"
"VANHUHU Men's Italian Formal Loafers Lace up Flat Business Shoes Gold","KSh 2,350","KSh 2,680","12%",,,"https://www.jumia.co.ke/vanhuhu-mens-italian-formal-loafers-lace-up-flat-business-shoes-gold-327518056.html","https://ke.jumia.is/unsafe/fit-in/300x300/filters:fill(white)/product/65/0815723/1.jpg?5057"
"Men's Formal Shoes Black Leather Quality  Shoe  British Business  Slip-On  Wedding Shoes","KSh 1,274","KSh 3,216","60%","3.4 out of 5",68,"https://www.jumia.co.ke/fashion-mens-formal-shoes-black-leather-quality-shoe-british-business-slip-on-wedding-shoes-326496929.html","https://ke.jumia.is/unsafe/fit-in/300x300/filters:fill(white)/product/92/9694623/1.jpg?0513"
"Smartraha life RahaLife 9 Layers Shoe Rack Assemble Large Capacity Portable Shoe Rack Stainless Steel with Cover Portable Wardrobe","KSh 1,199","KSh 3,301","64%","4.1 out of 5",,"https://www.jumia.co.ke/smartraha-life-rahalife-9-layers-shoe-rack-assemble-large-capacity-portable-shoe-rack-stainless-steel-with-cover-portable-wardrobe-328814106.html","https://ke.jumia.is/unsafe/fit-in/300x300/filters:fill(white)/product/60/1418823/1.jpg?7700"
"VANHUHU Men's Italian Formal Loafers & Slip-Ons Flat Business Shoes Black","KSh 2,010","KSh 2,412","17%",,,"https://www.jumia.co.ke/vanhuhu-mens-italian-formal-loafers-slip-ons-flat-business-shoes-black-327523048.html","https://ke.jumia.is/unsafe/fit-in/300x300/filters:fill(white)/product/84/0325723/1.jpg?4296"
"Men's Dress Shoes, Pointed Toe Slip-On Leather Shoes","KSh 1,350","KSh 2,970","55%","3.6 out of 5",72,"https://www.jumia.co.ke/fashion-mens-dress-shoes-pointed-toe-slip-on-leather-shoes-314555391.html","https://ke.jumia.is/unsafe/fit-in/300x300/filters:fill(white)/product/19/3555413/1.jpg?1486"
"Banagat Men's Formal Italian Wedding Corporate Shoes Lace Up Black","KSh 2,203","KSh 2,474","11%","3.4 out of 5",68,"https://www.jumia.co.ke/banagat-mens-formal-italian-wedding-corporate-shoes-lace-up-black-169862337.html","https://ke.jumia.is/unsafe/fit-in/300x300/filters:fill(white)/product/73/3268961/1.jpg?5014"
"Men Casual Comfortable Breathable Gentleman Business Formal Leather Shoes - Brown","KSh 1,104","KSh 4,020","73%","4.7 out of 5",94,"https://www.jumia.co.ke/fashion-men-casual-comfortable-breathable-gentleman-business-formal-leather-shoes-brown-325821496.html","https://ke.jumia.is/unsafe/fit-in/300x300/filters:fill(white)/product/69/4128523/1.jpg?8638"
"KANGERDUN Men's Loafers Classic Business Formal Shoes - Black","KSh 804","KSh 2,278","65%","3 out of 5",60,"https://www.jumia.co.ke/kangerdun-mens-loafers-classic-business-formal-shoes-black-324984737.html","https://ke.jumia.is/unsafe/fit-in/300x300/filters:fill(white)/product/73/7489423/1.jpg?7325"
"Arsuxeo 4-12 Years Kids Sandals For Girls Children Summer Shoes Soft Sole","KSh 300","KSh 4,020","93%","4.1 out of 5",,"https://www.jumia.co.ke/arsuxeo-4-12-years-kids-sandals-for-girls-children-summer-shoes-soft-sole-326657460.html","https://ke.jumia.is/unsafe/fit-in/300x300/filters:fill(white)/product/06/4756623/1.jpg?3427"
"VANHUHU Men’s White Plaid Loafers with Gold Metal Bit  Pointed Toe Casual Formal Footwear Slip-On Dress Shoes","KSh 1,799 - KSh 1,999","KSh 2,680","33%","4.3 out of 5",86,"https://www.jumia.co.ke/vanhuhu-mens-white-plaid-loafers-with-gold-metal-bit-pointed-toe-casual-formal-footwear-slip-on-dress-shoes-325547081.html","https://ke.jumia.is/unsafe/fit-in/300x300/filters:fill(white)/product/18/0745523/1.jpg?8639"
"Lindy Single Row 9 Layer Shoe Wardrobe - Red","KSh 1,340","KSh 2,680","50%","3.9 out of 5",78,"https://www.jumia.co.ke/lindy-single-row-9-layer-shoe-wardrobe-red-300560321.html","https://ke.jumia.is/unsafe/fit-in/300x300/filters:fill(white)/product/12/3065003/1.jpg?9471"
"TIMBUTUS 6-Tier Steel Pipe Shoe Rack","KSh 1,273","KSh 2,010","37%","3.5 out of 5",70,"https://www.jumia.co.ke/timbutus-6-tier-steel-pipe-shoe-rack-315586547.html","https://ke.jumia.is/unsafe/fit-in/300x300/filters:fill(white)/product/74/5685513/1.jpg?8243"
"Lindy 8 Tier Shoe Rack - Silver/Black","KSh 995","KSh 1,350","26%",,,"https://www.jumia.co.ke/lindy-8-tier-shoe-rack-silverblack-326119429.html","https://ke.jumia.is/unsafe/fit-in/300x300/filters:fill(white)/product/92/4911623/1.jpg?3347"
"TIMBUTUS 5-layer Steel Pipe Shoe Rack (56 * 25.5 * 90cm)","KSh 1,581","KSh 3,350","53%","3.8 out of 5",76,"https://www.jumia.co.ke/timbutus-5-layer-steel-pipe-shoe-rack-56-25.5-90cm-303189222.html","https://ke.jumia.is/unsafe/fit-in/300x300/filters:fill(white)/product/22/2981303/1.jpg?6553"
"LM 6-Tier Shoe Organizer with Translucent Panels, Space-Saving Shoe Storage Cabinet for Entrance & Home, 28×58×117cm","KSh 1,399","KSh 2,010","30%",,,"https://www.jumia.co.ke/lm-6-tier-shoe-organizer-with-translucent-panels-space-saving-shoe-storage-cabinet-for-entrance-home-2858117cm-327990966.html","https://ke.jumia.is/unsafe/fit-in/300x300/filters:fill(white)/product/66/9099723/1.jpg?6182"
"LM Mobile Garment Rack with Hanging Rail & Storage Shelves, Space-Saving Clothes Organizer with Wheels, Black","KSh 1,420","KSh 1,742","19%",,,"https://www.jumia.co.ke/lm-mobile-garment-rack-with-hanging-rail-storage-shelves-space-saving-clothes-organizer-with-wheels-black-327991017.html","https://ke.jumia.is/unsafe/fit-in/300x300/filters:fill(white)/product/71/0199723/1.jpg?7619"
"4 Floor Home Shoe Rack Door Storage Rack Shoe Cabinet","KSh 1,273","KSh 4,020","68%",,,"https://www.jumia.co.ke/generic-4-floor-home-shoe-rack-door-storage-rack-shoe-cabinet-327223768.html","https://ke.jumia.is/unsafe/fit-in/300x300/filters:fill(white)/product/86/7322723/1.jpg?6027"
"4 Tiers Shoe Rack Home Shoe Organizers Storage Racks Device Shelves","KSh 4,655","KSh 5,320","13%",,,"https://www.jumia.co.ke/generic-4-tiers-shoe-rack-home-shoe-organizers-storage-racks-device-shelves-327237002.html","https://ke.jumia.is/unsafe/fit-in/300x300/filters:fill(white)/product/20/0732723/1.jpg?6600"
"5 Layer Shoe Rack Household Doorstep Shoe Cabinet Storage Organizer","KSh 1,474","KSh 6,700","78%","5 out of 5",100,"https://www.jumia.co.ke/generic-5-layer-shoe-rack-household-doorstep-shoe-cabinet-storage-organizer-327262096.html","https://ke.jumia.is/unsafe/fit-in/300x300/filters:fill(white)/product/69/0262723/1.jpg?8296"
"4-Tier Shoe Rack Storage Rack for Living Room Bedroom Shoe Storage Organizer","KSh 1,273","KSh 4,690","73%",,,"https://www.jumia.co.ke/generic-4-tier-shoe-rack-storage-rack-for-living-room-bedroom-shoe-storage-organizer-327224229.html","https://ke.jumia.is/unsafe/fit-in/300x300/filters:fill(white)/product/92/2422723/1.jpg?9003"
"TIMBUTUS 7-layer Steel Pipe Shoe Rack (56 * 25.5 * 125cm)","KSh 1,648","KSh 2,680","39%","4.2 out of 5",84,"https://www.jumia.co.ke/timbutus-7-layer-steel-pipe-shoe-rack-56-25.5-125cm-319350213.html","https://ke.jumia.is/unsafe/fit-in/300x300/filters:fill(white)/product/31/2053913/1.jpg?0328"
"VANHUHU Men's Italian Formal Loafers & Slip-Ons Flat Business Shoes Black","KSh 2,010","KSh 2,412","17%",,,"https://www.jumia.co.ke/vanhuhu-mens-italian-formal-loafers-slip-ons-flat-business-shoes-black-327523048.html","https://ke.jumia.is/unsafe/fit-in/300x300/filters:fill(white)/product/84/0325723/1.jpg?4296"
"VANHUHU Men's Italian Formal Oxford Loafers Lace up Flat Business Shoes Black","KSh 1,981","KSh 2,412","18%","4.5 out of 5",90,"https://www.jumia.co.ke/vanhuhu-mens-italian-formal-oxford-loafers-lace-up-flat-business-shoes-black-326347332.html","https://ke.jumia.is/unsafe/fit-in/300x300/filters:fill(white)/product/23/3743623/1.jpg?3272"
"Men's Black Business Leather Slip-On Formal Shoes","KSh 1,587","KSh 3,087","49%","3.2 out of 5",64,"https://www.jumia.co.ke/fashion-mens-black-business-leather-slip-on-formal-shoes-314491006.html","https://ke.jumia.is/unsafe/fit-in/300x300/filters:fill(white)/product/60/0194413/1.jpg?8308"
"SHJO Loafers Men Comfortable Business Faux Leather Lightweight Slip-on Driving Moccasins Casual Shoes - Black","KSh 648 - KSh 720","KSh 1,474","56%",,,"https://www.jumia.co.ke/shjo-loafers-men-comfortable-business-faux-leather-lightweight-slip-on-driving-moccasins-casual-shoes-black-326562727.html","https://ke.jumia.is/unsafe/fit-in/300x300/filters:fill(white)/product/72/7265623/1.jpg?6811"
"Men's  Formal Glossy Tassel Brogue Shoes Loafers & Slip-ons Formal Black","KSh 2,137 - KSh 2,726","KSh 3,087","31%","4.1 out of 5",,"https://www.jumia.co.ke/fashion-mens-formal-glossy-tassel-brogue-shoes-loafers-slip-ons-formal-black-178013928.html","https://ke.jumia.is/unsafe/fit-in/300x300/filters:fill(white)/product/82/9310871/1.jpg?8535"
"Lindy Single Row 9 Layer Shoe Wardrobe, Grey","KSh 1,541","KSh 2,680","43%","3.8 out of 5",76,"https://www.jumia.co.ke/lindy-single-row-9-layer-shoe-wardrobe-grey-300560306.html","https://ke.jumia.is/unsafe/fit-in/300x300/filters:fill(white)/product/60/3065003/1.jpg?9487"
"Portable shoe rack","KSh 949","KSh 1,500","37%",,,"https://www.jumia.co.ke/generic-portable-shoe-rack-328564162.html","https://ke.jumia.is/unsafe/fit-in/300x300/filters:fill(white)/product/26/1465823/1.jpg?6209"
"LM 5-Tier Multifunctional Shoe Rack, Space-Saving Shoe & Storage Organizer for Entrance Bedroom Dormitory, White","KSh 1,435","KSh 1,742","18%",,,"https://www.jumia.co.ke/lm-5-tier-multifunctional-shoe-rack-space-saving-shoe-storage-organizer-for-entrance-bedroom-dormitory-white-327990870.html","https://ke.jumia.is/unsafe/fit-in/300x300/filters:fill(white)/product/07/8099723/1.jpg?5913"
"4-Tier Shoe Rack Storage Rack for Living Room Bedroom Shoe Storage Organizer","KSh 1,273","KSh 4,690","73%","3 out of 5",60,"https://www.jumia.co.ke/generic-4-tier-shoe-rack-storage-rack-for-living-room-bedroom-shoe-storage-organizer-327224214.html","https://ke.jumia.is/unsafe/fit-in/300x300/filters:fill(white)/product/41/2422723/1.jpg?8793"
"TIMBUTUS Dustproof Shoe Rack Organizer – 7-layer Storage Cabinet with Cover  (60 * 30 * 123cm)","KSh 1,474","KSh 2,680","45%","3.1 out of 5",62,"https://www.jumia.co.ke/timbutus-dustproof-shoe-rack-organizer-7-layer-storage-cabinet-with-cover-60-30-123cm-325317704.html","https://ke.jumia.is/unsafe/fit-in/300x300/filters:fill(white)/product/40/7713523/1.jpg?3816"
"SHJO Loafers Men Oxford Male Breathable Casual Faux Leather Flexible Lightweight Elegant Slip-on Classic Formal Shoes  - Black","KSh 1,274 - KSh 1,349","KSh 2,546","50%","3.8 out of 5",76,"https://www.jumia.co.ke/shjo-loafers-men-oxford-male-breathable-casual-faux-leather-flexible-lightweight-elegant-slip-on-classic-formal-shoes-black-326506487.html","https://ke.jumia.is/unsafe/fit-in/300x300/filters:fill(white)/product/78/4605623/1.jpg?2076"
"Banagat Men's Black PU Leather Casual Oxfords Shoes","KSh 1,770 - KSh 2,258","KSh 2,680","34%","4 out of 5",80,"https://www.jumia.co.ke/banagat-mens-black-pu-leather-casual-oxfords-shoes-317205452.html","https://ke.jumia.is/unsafe/fit-in/300x300/filters:fill(white)/product/25/4502713/1.jpg?0309"
"GLARPEBIE Men's Formal Shoes Leather Shoes for Men Formal Pointed Business Tuxedo Shoes - Black","KSh 1,206","KSh 2,412","50%","3 out of 5",60,"https://www.jumia.co.ke/glarpebie-mens-formal-shoes-leather-shoes-for-men-formal-pointed-business-tuxedo-shoes-black-325815301.html","https://ke.jumia.is/unsafe/fit-in/300x300/filters:fill(white)/product/10/3518523/1.jpg?6395"
"VANHUHU Men's Italian Formal Loafers & Slip-Ons Flat Business Shoes Black","KSh 1,742","KSh 2,010","13%",,,"https://www.jumia.co.ke/vanhuhu-mens-italian-formal-loafers-slip-ons-flat-business-shoes-black-327797228.html","https://ke.jumia.is/unsafe/fit-in/300x300/filters:fill(white)/product/82/2797723/1.jpg?2853"
"VANHUHU Men's Italian Formal Loafers Lace up Flat Business Shoes Gold","KSh 2,350","KSh 2,680","12%",,,"https://www.jumia.co.ke/vanhuhu-mens-italian-formal-loafers-lace-up-flat-business-shoes-gold-327518056.html","https://ke.jumia.is/unsafe/fit-in/300x300/filters:fill(white)/product/65/0815723/1.jpg?5057"
"5 Tiers Shoe Shelf Storage Organizer Entrance Shoe Rack","KSh 3,990","KSh 4,655","14%",,,"https://www.jumia.co.ke/generic-5-tiers-shoe-shelf-storage-organizer-entrance-shoe-rack-327237019.html","https://ke.jumia.is/unsafe/fit-in/300x300/filters:fill(white)/product/91/0732723/1.jpg?8098"
"5 Layers Shoes Organizer Shoe Rack Housing Entrance For Living Room","KSh 1,474","KSh 6,700","78%",,,"https://www.jumia.co.ke/generic-5-layers-shoes-organizer-shoe-rack-housing-entrance-for-living-room-327224344.html","https://ke.jumia.is/unsafe/fit-in/300x300/filters:fill(white)/product/44/3422723/1.jpg?0518"
"4 Tiers Shoe Rack Home Shoe Organizers Storage Racks Device Shelves","KSh 1,340","KSh 4,690","71%",,,"https://www.jumia.co.ke/generic-4-tiers-shoe-rack-home-shoe-organizers-storage-racks-device-shelves-327236997.html","https://ke.jumia.is/unsafe/fit-in/300x300/filters:fill(white)/product/79/9632723/1.jpg?6433"
"Yxahee  Hat & Shoe Rack( For Bag, Cap, Multipurpose Use )--5 Layer","KSh 1,474","KSh 2,680","45%","3.5 out of 5",70,"https://www.jumia.co.ke/yxahee-hat-shoe-rack-for-bag-cap-multipurpose-use-5-layer-326176766.html","https://ke.jumia.is/unsafe/fit-in/300x300/filters:fill(white)/product/66/7671623/1.jpg?6098"
"GLARPEBIE Men's Formal Shoes Tuxedo Dress Shoes Classic Oxfords Faux Patent Leather Shoe for Men Lace-up Dress Shoes for Business Wedding Suit- Black","KSh 1,206","KSh 2,144","44%","5 out of 5",100,"https://www.jumia.co.ke/glarpebie-mens-formal-shoes-tuxedo-dress-shoes-classic-oxfords-faux-patent-leather-shoe-for-men-lace-up-dress-shoes-for-business-wedding-suit-black-325458339.html","https://ke.jumia.is/unsafe/fit-in/300x300/filters:fill(white)/product/93/3854523/1.jpg?1887"
"Arsuxeo 4-12 Years Kids Sandals For Girls Children Summer Shoes Soft Sole","KSh 300","KSh 4,020","93%","4.1 out of 5",,"https://www.jumia.co.ke/arsuxeo-4-12-years-kids-sandals-for-girls-children-summer-shoes-soft-sole-326657460.html","https://ke.jumia.is/unsafe/fit-in/300x300/filters:fill(white)/product/06/4756623/1.jpg?3427"
"Mens Casual Breathable Gentleman Business Formal Leather Shoes - Black","KSh 1,104","KSh 2,010","45%","3.8 out of 5",76,"https://www.jumia.co.ke/fashion-mens-casual-breathable-gentleman-business-formal-leather-shoes-black-309420369.html","https://ke.jumia.is/unsafe/fit-in/300x300/filters:fill(white)/product/96/3024903/1.jpg?3882"
"Banagat Men's Formal Wedding Corporate Shoes Lace Up Patchwork Color Red","KSh 2,144","KSh 2,680","20%","4.2 out of 5",84,"https://www.jumia.co.ke/banagat-mens-formal-wedding-corporate-shoes-lace-up-patchwork-color-red-317205389.html","https://ke.jumia.is/unsafe/fit-in/300x300/filters:fill(white)/product/98/3502713/1.jpg?0329"
"Gentleman Business Formal Casual Comfortable Mens Leather Shoes - Brown","KSh 1,018","KSh 2,010","49%","3.3 out of 5",66,"https://www.jumia.co.ke/fashion-gentleman-business-formal-casual-comfortable-mens-leather-shoes-brown-309420307.html","https://ke.jumia.is/unsafe/fit-in/300x300/filters:fill(white)/product/70/3024903/1.jpg?3570"
"CYFAZA Shoe Organizer Rack - 9 Levels For 54 Pairs - Black Metal Storage Rack","KSh 2,798","KSh 5,211","46%","3.9 out of 5",78,"https://www.jumia.co.ke/cyfaza-shoe-organizer-rack-9-levels-for-54-pairs-black-metal-storage-rack-306426734.html","https://ke.jumia.is/unsafe/fit-in/300x300/filters:fill(white)/product/43/7624603/1.jpg?1131"
"ZG Men's Leather Shoes Formal Shoes-Smart Casual for Daily Wear, Comfortable & Stylish - Brown","KSh 1,474","KSh 3,484","58%","1 out of 5",20,"https://www.jumia.co.ke/zg-mens-leather-shoes-formal-shoes-smart-casual-for-daily-wear-comfortable-stylish-brown-327433689.html","https://ke.jumia.is/unsafe/fit-in/300x300/filters:fill(white)/product/98/6334723/1.jpg?4633"
"Men's Black Business Leather Slip-On Formal Shoes","KSh 1,587","KSh 3,087","49%","3.2 out of 5",64,"https://www.jumia.co.ke/fashion-mens-black-business-leather-slip-on-formal-shoes-314491006.html","https://ke.jumia.is/unsafe/fit-in/300x300/filters:fill(white)/product/60/0194413/1.jpg?8308"
"Banagat Men Glossy Tassel Business Shoes Loafers & Slip-ons Formal Corporate Black","KSh 2,234","KSh 3,350","33%","4 out of 5",80,"https://www.jumia.co.ke/banagat-men-glossy-tassel-business-shoes-loafers-slip-ons-formal-corporate-black-325917873.html","https://ke.jumia.is/unsafe/fit-in/300x300/filters:fill(white)/product/37/8719523/1.jpg?4749"
"ZG Leather Shoes Men's Formal Shoes With Soft Soles Sandals-Brown","KSh 1,072","KSh 3,350","68%","1 out of 5",20,"https://www.jumia.co.ke/zg-leather-shoes-mens-formal-shoes-with-soft-soles-sandals-brown-314489888.html","https://ke.jumia.is/unsafe/fit-in/300x300/filters:fill(white)/product/88/8984413/1.jpg?5864"
"VANHUHU Men's Tassel Oxford Formal Loafers Slip-Ons Flat Business Shoes Black","KSh 1,688","KSh 2,680","37%","4.7 out of 5",94,"https://www.jumia.co.ke/vanhuhu-mens-tassel-oxford-formal-loafers-slip-ons-flat-business-shoes-black-325446501.html","https://ke.jumia.is/unsafe/fit-in/300x300/filters:fill(white)/product/10/5644523/1.jpg?9381"
"VANHUHU Men's Italian Formal Loafers & Slip-Ons Flat Business Shoes Black","KSh 1,216 - KSh 1,520","KSh 2,010","40%","5 out of 5",100,"https://www.jumia.co.ke/vanhuhu-mens-italian-formal-loafers-slip-ons-flat-business-shoes-black-326688183.html","https://ke.jumia.is/unsafe/fit-in/300x300/filters:fill(white)/product/38/1886623/1.jpg?4043"
"VANHUHU Men's Italian Formal Loafers & Slip-Ons Flat Business Shoes Black","KSh 1,742","KSh 2,010","13%",,,"https://www.jumia.co.ke/vanhuhu-mens-italian-formal-loafers-slip-ons-flat-business-shoes-black-327797228.html","https://ke.jumia.is/unsafe/fit-in/300x300/filters:fill(white)/product/82/2797723/1.jpg?2853"
"VANHUHU Men's Casual Formal Loafers Slip-Ons Flat Business Shoes Black","KSh 1,729","KSh 2,680","36%","4.5 out of 5",90,"https://www.jumia.co.ke/vanhuhu-mens-casual-formal-loafers-slip-ons-flat-business-shoes-black-326128321.html","https://ke.jumia.is/unsafe/fit-in/300x300/filters:fill(white)/product/12/3821623/1.jpg?7704"
"Men's formal dress shoes - Business pointed-toe leather shoes - Slip-on loafers - Wedding shoes - Synthetic leather shoes - Black","KSh 1,170","KSh 2,010","42%","3.4 out of 5",68,"https://www.jumia.co.ke/fashion-mens-formal-dress-shoes-business-pointed-toe-leather-shoes-slip-on-loafers-wedding-shoes-synthetic-leather-shoes-black-324865114.html","https://ke.jumia.is/unsafe/fit-in/300x300/filters:fill(white)/product/41/1568423/1.jpg?8722"
"Homemate 5-Tiers Multifunctional Shoe Rack, Hat and Coat With Plastic Connectors SRK01","KSh 949","KSh 2,999","68%","3.9 out of 5",78,"https://www.jumia.co.ke/homemate-5-tiers-multifunctional-shoe-rack-hat-and-coat-with-plastic-connectors-srk01-326784220.html","https://ke.jumia.is/unsafe/fit-in/300x300/filters:fill(white)/product/02/2487623/1.jpg?0234"
"ZG Fashion Leather  Formal Shoes With Soft Soles Sandals BLACK","KSh 880","KSh 1,680","48%",,,"https://www.jumia.co.ke/zg-fashion-leather-formal-shoes-with-soft-soles-sandals-black-314491356.html","https://ke.jumia.is/unsafe/fit-in/300x300/filters:fill(white)/product/65/3194413/1.jpg?5878"
"VANHUHU Men's Oxfords Formal Flat Business Shoes Loafers Italian Official Brown","KSh 1,999","KSh 2,680","25%","5 out of 5",100,"https://www.jumia.co.ke/vanhuhu-mens-oxfords-formal-flat-business-shoes-loafers-italian-official-brown-324605691.html","https://ke.jumia.is/unsafe/fit-in/300x300/filters:fill(white)/product/19/6506423/1.jpg?2848"
"VANHUHU Men's Casual Formal Lace up Flat Business Shoes White","KSh 1,201 - KSh 1,580","KSh 2,010","40%","3.5 out of 5",70,"https://www.jumia.co.ke/vanhuhu-mens-casual-formal-lace-up-flat-business-shoes-white-326688219.html","https://ke.jumia.is/unsafe/fit-in/300x300/filters:fill(white)/product/91/2886623/1.jpg?3020"
"Arsuxeo PU Leather Kid's Sneakers Ergonomics Waterproof Running Sport Shoes For Baby Boys","KSh 516 - KSh 1,206","KSh 2,010","74%","4.5 out of 5",90,"https://www.jumia.co.ke/arsuxeo-pu-leather-kids-sneakers-ergonomics-waterproof-running-sport-shoes-for-baby-boys-325523067.html","https://ke.jumia.is/unsafe/fit-in/300x300/filters:fill(white)/product/76/0325523/1.jpg?8741"
"FUXING FASHION men formal shoes leather shoes","KSh 670","KSh 1,072","38%","3.7 out of 5",74,"https://www.jumia.co.ke/fuxing-fashion-men-formal-shoes-leather-shoes-318237286.html","https://ke.jumia.is/unsafe/fit-in/300x300/filters:fill(white)/product/68/2732813/1.jpg?9919"
"CYFAZA 7-Level Shoe Organizer - 24 Pairs Capacity - Space-Saving Shoe Rack Storage Solution","KSh 1,439","KSh 3,028","53%","4 out of 5",80,"https://www.jumia.co.ke/cyfaza-7-level-shoe-organizer-24-pairs-capacity-space-saving-shoe-rack-storage-solution-306426731.html","https://ke.jumia.is/unsafe/fit-in/300x300/filters:fill(white)/product/13/7624603/1.jpg?3822"
"Yxahee 6-Tier  Multifunctional Freestanding Shoe Rack Collapsible Shoe Rack","KSh 1,072","KSh 2,204","51%","4.1 out of 5",,"https://www.jumia.co.ke/yxahee-6-tier-multifunctional-freestanding-shoe-rack-collapsible-shoe-rack-167092129.html","https://ke.jumia.is/unsafe/fit-in/300x300/filters:fill(white)/product/92/1290761/1.jpg?6783"
"CYFAZA Shoe Rack Organizer Space for 36 Pairs 6 Tiers Double Column Dust-proof & Stainless Steel","KSh 2,198","KSh 3,752","41%","4.1 out of 5",,"https://www.jumia.co.ke/cyfaza-shoe-rack-organizer-space-for-36-pairs-6-tiers-double-column-dust-proof-stainless-steel-324056901.html","https://ke.jumia.is/unsafe/fit-in/300x300/filters:fill(white)/product/10/9650423/1.jpg?7785"
"Amazing Men Fashion British Business Leather Shoes - Black","KSh 972","KSh 3,618","73%","3.5 out of 5",70,"https://www.jumia.co.ke/amazing-men-fashion-british-business-leather-shoes-black-169402819.html","https://ke.jumia.is/unsafe/fit-in/300x300/filters:fill(white)/product/91/8204961/1.jpg?3176"
"CYFAZA Shoe Rack Organizer 6 Tiers Dust-proof & Stainless Steel Free Standing","KSh 1,798","KSh 3,207","44%","3.7 out of 5",74,"https://www.jumia.co.ke/cyfaza-shoe-rack-organizer-6-tiers-dust-proof-stainless-steel-free-standing-312597511.html","https://ke.jumia.is/unsafe/fit-in/300x300/filters:fill(white)/product/11/5795213/1.jpg?3539"
"AIDAILU Labor Shoes Protection Shoes Men's Protective Waterproof Boots Construction","KSh 1,608","KSh 3,164","49%","4 out of 5",80,"https://www.jumia.co.ke/aidailu-labor-shoes-protection-shoes-mens-protective-waterproof-boots-construction-286738322.html","https://ke.jumia.is/unsafe/fit-in/300x300/filters:fill(white)/product/22/3837682/1.jpg?8193"
"Arsuxeo Children's Summer Shoes Cute Beach Sandals For Baby Girls Infant Kids Sandals","KSh 536","KSh 2,010","73%","3.8 out of 5",76,"https://www.jumia.co.ke/arsuxeo-childrens-summer-shoes-cute-beach-sandals-for-baby-girls-infant-kids-sandals-326530085.html","https://ke.jumia.is/unsafe/fit-in/300x300/filters:fill(white)/product/58/0035623/1.jpg?4158"
"SHJO Loafers Men Oxford Male Breathable Casual Faux Leather Flexible Lightweight Elegant Slip-on Classic Formal Shoes  - Black","KSh 1,274 - KSh 1,349","KSh 2,546","50%","3.8 out of 5",76,"https://www.jumia.co.ke/shjo-loafers-men-oxford-male-breathable-casual-faux-leather-flexible-lightweight-elegant-slip-on-classic-formal-shoes-black-326506487.html","https://ke.jumia.is/unsafe/fit-in/300x300/filters:fill(white)/product/78/4605623/1.jpg?2076"
"Children's Sport Lightweight Casual Shoes Boy Girls Breathable Mesh Comfort Kids Sneakers - Black","KSh 394 - KSh 600","KSh 670","41%","4.2 out of 5",84,"https://www.jumia.co.ke/fashion-childrens-sport-lightweight-casual-shoes-boy-girls-breathable-mesh-comfort-kids-sneakers-black-325469993.html","https://ke.jumia.is/unsafe/fit-in/300x300/filters:fill(white)/product/39/9964523/1.jpg?4892"
"KJM Powerful Flexible Shoe Repair Glue (2-Pack) – Professional-grade, heat-resistant, leak-proof, and non-marking adhesive, suitable for athletic shoes, artificial leather, and resin crafts – features an easy-to-use and precise nozzle","KSh 1,199","KSh 1,999","40%","5 out of 5",100,"https://www.jumia.co.ke/fashion-kjm-powerful-flexible-shoe-repair-glue-2-pack-professional-grade-heat-resistant-leak-proof-and-non-marking-adhesive-suitable-for-athletic-shoes-artificial-leather-and-resin-crafts-features-an-easy-to-use-and-precise-nozzle-327665740.html","https://ke.jumia.is/unsafe/fit-in/300x300/filters:fill(white)/product/04/7566723/1.jpg?2256"
"GALUIN Mens Business Shoes","KSh 965","KSh 3,154","69%","3.7 out of 5",74,"https://www.jumia.co.ke/galuin-mens-business-shoes-65410344.html","https://ke.jumia.is/unsafe/fit-in/300x300/filters:fill(white)/product/44/301456/1.jpg?5765"
"Arsuxeo Children Sandals For Baby Boy Sport Anti-slip Beach Shoes Kids Flat Soft Toddler Sandal","KSh 300","KSh 1,340","78%","4.2 out of 5",84,"https://www.jumia.co.ke/arsuxeo-children-sandals-for-baby-boy-sport-anti-slip-beach-shoes-kids-flat-soft-toddler-sandal-325523258.html","https://ke.jumia.is/unsafe/fit-in/300x300/filters:fill(white)/product/85/2325523/1.jpg?5778"
"AIDAILU Men's Formal Leather Shoes Business Elegant British Style Shoes - Black","KSh 938","KSh 1,742","46%","3.6 out of 5",72,"https://www.jumia.co.ke/aidailu-mens-formal-leather-shoes-business-elegant-british-style-shoes-black-172410360.html","https://ke.jumia.is/unsafe/fit-in/300x300/filters:fill(white)/product/06/3014271/1.jpg?9421"
"Arsuxeo Children's Mid-Top Canvas Shoes Soft Bottom Comfortable Board Shoes","KSh 336","KSh 2,010","83%","5 out of 5",100,"https://www.jumia.co.ke/arsuxeo-childrens-mid-top-canvas-shoes-soft-bottom-comfortable-board-shoes-326425854.html","https://ke.jumia.is/unsafe/fit-in/300x300/filters:fill(white)/product/45/8524623/1.jpg?8623"
"KANGERDUN Men's Formal Leather Shoes Business Elegance - Black","KSh 1,114","KSh 2,278","51%","3.5 out of 5",70,"https://www.jumia.co.ke/kangerdun-mens-formal-leather-shoes-business-elegance-black-324984739.html","https://ke.jumia.is/unsafe/fit-in/300x300/filters:fill(white)/product/93/7489423/1.jpg?7285"
"children's summer boys sandals non-slip soft sole","KSh 505","KSh 700 - KSh 2,010","75%","4.6 out of 5",,"https://www.jumia.co.ke/fashion-childrens-summer-boys-sandals-non-slip-soft-sole-304782891.html","https://ke.jumia.is/unsafe/fit-in/300x300/filters:fill(white)/product/19/8287403/1.jpg?3041"
"Coat Shoe Rack With Hooks 68.9in 5 Tier","KSh 950","KSh 2,679","65%","4 out of 5",80,"https://www.jumia.co.ke/generic-coat-shoe-rack-with-hooks-68.9in-5-tier-314472022.html","https://ke.jumia.is/unsafe/fit-in/300x300/filters:fill(white)/product/22/0274413/1.jpg?8973"
"CYFAZA 7-Tiers Shoe Rack Storage Organizer 24 Pairs Large Capacity","KSh 1,598","KSh 2,565","38%","3.7 out of 5",74,"https://www.jumia.co.ke/cyfaza-7-tiers-shoe-rack-storage-organizer-24-pairs-large-capacity-325672962.html","https://ke.jumia.is/unsafe/fit-in/300x300/filters:fill(white)/product/26/9276523/1.jpg?0249"
"CYFAZA 6-Tiers Shoe Rack Storage Organizer 21 Pairs Large Capacity","KSh 1,139","KSh 2,412","53%","3.5 out of 5",70,"https://www.jumia.co.ke/cyfaza-6-tiers-shoe-rack-storage-organizer-21-pairs-large-capacity-325672930.html","https://ke.jumia.is/unsafe/fit-in/300x300/filters:fill(white)/product/03/9276523/1.jpg?9533"
"Lindy Single Row 9 Layer Shoe Wardrobe - Red","KSh 1,340","KSh 2,680","50%","3.9 out of 5",78,"https://www.jumia.co.ke/lindy-single-row-9-layer-shoe-wardrobe-red-300560321.html","https://ke.jumia.is/unsafe/fit-in/300x300/filters:fill(white)/product/12/3065003/1.jpg?9471"
"TIMBUTUS 6-Tier Steel Pipe Shoe Rack","KSh 1,273","KSh 2,010","37%","3.5 out of 5",70,"https://www.jumia.co.ke/timbutus-6-tier-steel-pipe-shoe-rack-315586547.html","https://ke.jumia.is/unsafe/fit-in/300x300/filters:fill(white)/product/74/5685513/1.jpg?8243"
"Lindy 8 Tier Shoe Rack - Silver/Black","KSh 995","KSh 1,350","26%",,,"https://www.jumia.co.ke/lindy-8-tier-shoe-rack-silverblack-326119429.html","https://ke.jumia.is/unsafe/fit-in/300x300/filters:fill(white)/product/92/4911623/1.jpg?3347"
"TIMBUTUS 5-layer Steel Pipe Shoe Rack (56 * 25.5 * 90cm)","KSh 1,581","KSh 3,350","53%","3.8 out of 5",76,"https://www.jumia.co.ke/timbutus-5-layer-steel-pipe-shoe-rack-56-25.5-90cm-303189222.html","https://ke.jumia.is/unsafe/fit-in/300x300/filters:fill(white)/product/22/2981303/1.jpg?6553"
"LM 6-Tier Shoe Organizer with Translucent Panels, Space-Saving Shoe Storage Cabinet for Entrance & Home, 28×58×117cm","KSh 1,399","KSh 2,010","30%",,,"https://www.jumia.co.ke/lm-6-tier-shoe-organizer-with-translucent-panels-space-saving-shoe-storage-cabinet-for-entrance-home-2858117cm-327990966.html","https://ke.jumia.is/unsafe/fit-in/300x300/filters:fill(white)/product/66/9099723/1.jpg?6182"
"LM Mobile Garment Rack with Hanging Rail & Storage Shelves, Space-Saving Clothes Organizer with Wheels, Black","KSh 1,420","KSh 1,742","19%",,,"https://www.jumia.co.ke/lm-mobile-garment-rack-with-hanging-rail-storage-shelves-space-saving-clothes-organizer-with-wheels-black-327991017.html","https://ke.jumia.is/unsafe/fit-in/300x300/filters:fill(white)/product/71/0199723/1.jpg?7619"
"4 Floor Home Shoe Rack Door Storage Rack Shoe Cabinet","KSh 1,273","KSh 4,020","68%",,,"https://www.jumia.co.ke/generic-4-floor-home-shoe-rack-door-storage-rack-shoe-cabinet-327223768.html","https://ke.jumia.is/unsafe/fit-in/300x300/filters:fill(white)/product/86/7322723/1.jpg?6027"
"4 Tiers Shoe Rack Home Shoe Organizers Storage Racks Device Shelves","KSh 4,655","KSh 5,320","13%",,,"https://www.jumia.co.ke/generic-4-tiers-shoe-rack-home-shoe-organizers-storage-racks-device-shelves-327237002.html","https://ke.jumia.is/unsafe/fit-in/300x300/filters:fill(white)/product/20/0732723/1.jpg?6600"
"5 Layer Shoe Rack Household Doorstep Shoe Cabinet Storage Organizer","KSh 1,474","KSh 6,700","78%","5 out of 5",100,"https://www.jumia.co.ke/generic-5-layer-shoe-rack-household-doorstep-shoe-cabinet-storage-organizer-327262096.html","https://ke.jumia.is/unsafe/fit-in/300x300/filters:fill(white)/product/69/0262723/1.jpg?8296"
"4-Tier Shoe Rack Storage Rack for Living Room Bedroom Shoe Storage Organizer","KSh 1,273","KSh 4,690","73%",,,"https://www.jumia.co.ke/generic-4-tier-shoe-rack-storage-rack-for-living-room-bedroom-shoe-storage-organizer-327224229.html","https://ke.jumia.is/unsafe/fit-in/300x300/filters:fill(white)/product/92/2422723/1.jpg?9003"
"TIMBUTUS 7-layer Steel Pipe Shoe Rack (56 * 25.5 * 125cm)","KSh 1,648","KSh 2,680","39%","4.2 out of 5",84,"https://www.jumia.co.ke/timbutus-7-layer-steel-pipe-shoe-rack-56-25.5-125cm-319350213.html","https://ke.jumia.is/unsafe/fit-in/300x300/filters:fill(white)/product/31/2053913/1.jpg?0328"
"VANHUHU Men's Italian Formal Loafers & Slip-Ons Flat Business Shoes Black","KSh 2,010","KSh 2,412","17%",,,"https://www.jumia.co.ke/vanhuhu-mens-italian-formal-loafers-slip-ons-flat-business-shoes-black-327523048.html","https://ke.jumia.is/unsafe/fit-in/300x300/filters:fill(white)/product/84/0325723/1.jpg?4296"
"VANHUHU Men's Italian Formal Oxford Loafers Lace up Flat Business Shoes Black","KSh 1,981","KSh 2,412","18%","4.5 out of 5",90,"https://www.jumia.co.ke/vanhuhu-mens-italian-formal-oxford-loafers-lace-up-flat-business-shoes-black-326347332.html","https://ke.jumia.is/unsafe/fit-in/300x300/filters:fill(white)/product/23/3743623/1.jpg?3272"
"Men's Black Business Leather Slip-On Formal Shoes","KSh 1,587","KSh 3,087","49%","3.2 out of 5",64,"https://www.jumia.co.ke/fashion-mens-black-business-leather-slip-on-formal-shoes-314491006.html","https://ke.jumia.is/unsafe/fit-in/300x300/filters:fill(white)/product/60/0194413/1.jpg?8308"
"SHJO Loafers Men Comfortable Business Faux Leather Lightweight Slip-on Driving Moccasins Casual Shoes - Black","KSh 648 - KSh 720","KSh 1,474","56%",,,"https://www.jumia.co.ke/shjo-loafers-men-comfortable-business-faux-leather-lightweight-slip-on-driving-moccasins-casual-shoes-black-326562727.html","https://ke.jumia.is/unsafe/fit-in/300x300/filters:fill(white)/product/72/7265623/1.jpg?6811"
"Men's  Formal Glossy Tassel Brogue Shoes Loafers & Slip-ons Formal Black","KSh 2,137 - KSh 2,726","KSh 3,087","31%","4.1 out of 5",,"https://www.jumia.co.ke/fashion-mens-formal-glossy-tassel-brogue-shoes-loafers-slip-ons-formal-black-178013928.html","https://ke.jumia.is/unsafe/fit-in/300x300/filters:fill(white)/product/82/9310871/1.jpg?8535"
"Lindy Single Row 9 Layer Shoe Wardrobe, Grey","KSh 1,541","KSh 2,680","43%","3.8 out of 5",76,"https://www.jumia.co.ke/lindy-single-row-9-layer-shoe-wardrobe-grey-300560306.html","https://ke.jumia.is/unsafe/fit-in/300x300/filters:fill(white)/product/60/3065003/1.jpg?9487"
"Portable shoe rack","KSh 949","KSh 1,500","37%",,,"https://www.jumia.co.ke/generic-portable-shoe-rack-328564162.html","https://ke.jumia.is/unsafe/fit-in/300x300/filters:fill(white)/product/26/1465823/1.jpg?6209"
"LM 5-Tier Multifunctional Shoe Rack, Space-Saving Shoe & Storage Organizer for Entrance Bedroom Dormitory, White","KSh 1,435","KSh 1,742","18%",,,"https://www.jumia.co.ke/lm-5-tier-multifunctional-shoe-rack-space-saving-shoe-storage-organizer-for-entrance-bedroom-dormitory-white-327990870.html","https://ke.jumia.is/unsafe/fit-in/300x300/filters:fill(white)/product/07/8099723/1.jpg?5913"
"4-Tier Shoe Rack Storage Rack for Living Room Bedroom Shoe Storage Organizer","KSh 1,273","KSh 4,690","73%","3 out of 5",60,"https://www.jumia.co.ke/generic-4-tier-shoe-rack-storage-rack-for-living-room-bedroom-shoe-storage-organizer-327224214.html","https://ke.jumia.is/unsafe/fit-in/300x300/filters:fill(white)/product/41/2422723/1.jpg?8793"
"TIMBUTUS Dustproof Shoe Rack Organizer – 7-layer Storage Cabinet with Cover  (60 * 30 * 123cm)","KSh 1,474","KSh 2,680","45%","3.1 out of 5",62,"https://www.jumia.co.ke/timbutus-dustproof-shoe-rack-organizer-7-layer-storage-cabinet-with-cover-60-30-123cm-325317704.html","https://ke.jumia.is/unsafe/fit-in/300x300/filters:fill(white)/product/40/7713523/1.jpg?3816"
"SHJO Loafers Men Oxford Male Breathable Casual Faux Leather Flexible Lightweight Elegant Slip-on Classic Formal Shoes  - Black","KSh 1,274 - KSh 1,349","KSh 2,546","50%","3.8 out of 5",76,"https://www.jumia.co.ke/shjo-loafers-men-oxford-male-breathable-casual-faux-leather-flexible-lightweight-elegant-slip-on-classic-formal-shoes-black-326506487.html","https://ke.jumia.is/unsafe/fit-in/300x300/filters:fill(white)/product/78/4605623/1.jpg?2076"
"Banagat Men's Black PU Leather Casual Oxfords Shoes","KSh 1,770 - KSh 2,258","KSh 2,680","34%","4 out of 5",80,"https://www.jumia.co.ke/banagat-mens-black-pu-leather-casual-oxfords-shoes-317205452.html","https://ke.jumia.is/unsafe/fit-in/300x300/filters:fill(white)/product/25/4502713/1.jpg?0309"
"GLARPEBIE Men's Formal Shoes Leather Shoes for Men Formal Pointed Business Tuxedo Shoes - Black","KSh 1,206","KSh 2,412","50%","3 out of 5",60,"https://www.jumia.co.ke/glarpebie-mens-formal-shoes-leather-shoes-for-men-formal-pointed-business-tuxedo-shoes-black-325815301.html","https://ke.jumia.is/unsafe/fit-in/300x300/filters:fill(white)/product/10/3518523/1.jpg?6395"
"VANHUHU Men's Italian Formal Loafers & Slip-Ons Flat Business Shoes Black","KSh 1,742","KSh 2,010","13%",,,"https://www.jumia.co.ke/vanhuhu-mens-italian-formal-loafers-slip-ons-flat-business-shoes-black-327797228.html","https://ke.jumia.is/unsafe/fit-in/300x300/filters:fill(white)/product/82/2797723/1.jpg?2853"
"VANHUHU Men's Italian Formal Loafers Lace up Flat Business Shoes Gold","KSh 2,350","KSh 2,680","12%",,,"https://www.jumia.co.ke/vanhuhu-mens-italian-formal-loafers-lace-up-flat-business-shoes-gold-327518056.html","https://ke.jumia.is/unsafe/fit-in/300x300/filters:fill(white)/product/65/0815723/1.jpg?5057"
"5 Tiers Shoe Shelf Storage Organizer Entrance Shoe Rack","KSh 3,990","KSh 4,655","14%",,,"https://www.jumia.co.ke/generic-5-tiers-shoe-shelf-storage-organizer-entrance-shoe-rack-327237019.html","https://ke.jumia.is/unsafe/fit-in/300x300/filters:fill(white)/product/91/0732723/1.jpg?8098"
"5 Layers Shoes Organizer Shoe Rack Housing Entrance For Living Room","KSh 1,474","KSh 6,700","78%",,,"https://www.jumia.co.ke/generic-5-layers-shoes-organizer-shoe-rack-housing-entrance-for-living-room-327224344.html","https://ke.jumia.is/unsafe/fit-in/300x300/filters:fill(white)/product/44/3422723/1.jpg?0518"
"4 Tiers Shoe Rack Home Shoe Organizers Storage Racks Device Shelves","KSh 1,340","KSh 4,690","71%",,,"https://www.jumia.co.ke/generic-4-tiers-shoe-rack-home-shoe-organizers-storage-racks-device-shelves-327236997.html","https://ke.jumia.is/unsafe/fit-in/300x300/filters:fill(white)/product/79/9632723/1.jpg?6433"
"Yxahee  Hat & Shoe Rack( For Bag, Cap, Multipurpose Use )--5 Layer","KSh 1,474","KSh 2,680","45%","3.5 out of 5",70,"https://www.jumia.co.ke/yxahee-hat-shoe-rack-for-bag-cap-multipurpose-use-5-layer-326176766.html","https://ke.jumia.is/unsafe/fit-in/300x300/filters:fill(white)/product/66/7671623/1.jpg?6098"
"Lindy Foldable Closet Cabinet - 10 Shelves - Black/Gold","KSh 1,943","KSh 2,680","28%","3.8 out of 5",76,"https://www.jumia.co.ke/foldable-closet-cabinet-10-shelves-blackgold-lindy-mpg9519556.html","https://ke.jumia.is/unsafe/fit-in/300x300/filters:fill(white)/product/34/8972523/1.jpg?9913"
"Arsuxeo 3-9 Years Kids Girl's Sandals Children Shoes Summer","KSh 621","KSh 3,375 - KSh 4,050","85%","4.3 out of 5",86,"https://www.jumia.co.ke/arsuxeo-3-9-years-kids-girls-sandals-children-shoes-summer-326530426.html","https://ke.jumia.is/unsafe/fit-in/300x300/filters:fill(white)/product/62/4035623/1.jpg?8584"
"Baby Duck Sock Shoes - Non-Slip Soft Sole Toddler Walking Shoes - EU 18-23","KSh 388 - KSh 419","KSh 1,340","71%","4.8 out of 5",96,"https://www.jumia.co.ke/baby-toddler-sock-shoe-generic-mpg8920853.html","https://ke.jumia.is/unsafe/fit-in/300x300/filters:fill(white)/product/20/2382323/1.jpg?4920"
"Arsuxeo Children Sneaker Casual Running Shoes Breathable Mesh Shoes For Kids Boys","KSh 1,340","KSh 3,350","60%","4.7 out of 5",94,"https://www.jumia.co.ke/arsuxeo-children-sneaker-casual-running-shoes-breathable-mesh-shoes-for-kids-boys-325523083.html","https://ke.jumia.is/unsafe/fit-in/300x300/filters:fill(white)/product/38/0325523/1.jpg?0170"
"Arsuxeo 6-14 Years Children Sandals Summer Kids Boys Shoes Beach Soft Sole","KSh 370","KSh 3,375 - KSh 4,050","91%","4.1 out of 5",,"https://www.jumia.co.ke/arsuxeo-6-14-years-children-sandals-summer-kids-boys-shoes-beach-soft-sole-326547558.html","https://ke.jumia.is/unsafe/fit-in/300x300/filters:fill(white)/product/85/5745623/1.jpg?8194"
"Yxahee Shoe Rack Stackable Assembly Shoe Clothes Organizer-5 Layers","KSh 1,005","KSh 2,680","63%","4.3 out of 5",86,"https://www.jumia.co.ke/yxahee-shoe-rack-stackable-assembly-shoe-clothes-organizer-5-layers-326176422.html","https://ke.jumia.is/unsafe/fit-in/300x300/filters:fill(white)/product/22/4671623/1.jpg?6148"
"Baby Toddler Shoes Boys Girls Mesh Kids Sneakers Children Sport Shoes Tenis","KSh 650","KSh 3,350 - KSh 4,020","84%","3.7 out of 5",74,"https://www.jumia.co.ke/fashion-baby-toddler-shoes-boys-girls-mesh-kids-sneakers-children-sport-shoes-tenis-326434798.html","https://ke.jumia.is/unsafe/fit-in/300x300/filters:fill(white)/product/89/7434623/1.jpg?3702"
"Arsuxeo 1-5 Years Kids Boys Girls Sandals Baby Toddler Shoes Summer Soft Sole","KSh 268","KSh 2,144","88%","4.3 out of 5",86,"https://www.jumia.co.ke/arsuxeo-1-5-years-kids-boys-girls-sandals-baby-toddler-shoes-summer-soft-sole-326648878.html","https://ke.jumia.is/unsafe/fit-in/300x300/filters:fill(white)/product/87/8846623/1.jpg?3554"
"7-Layer Adjustable Black Metallic Shoe Rack - Portable & Durable","KSh 1,299","KSh 2,500","48%","3 out of 5",60,"https://www.jumia.co.ke/generic-7-layer-adjustable-black-metallic-shoe-rack-portable-durable-327817440.html","https://ke.jumia.is/unsafe/fit-in/300x300/filters:fill(white)/product/04/4718723/1.jpg?5080"
"Arsuxeo Children Slippers Girls Beach Sandal Kids Lightweight Cute Cartoon Baby Slippers","KSh 250","KSh 2,010","88%","5 out of 5",100,"https://www.jumia.co.ke/arsuxeo-children-slippers-girls-beach-sandal-kids-lightweight-cute-cartoon-baby-slippers-326500868.html","https://ke.jumia.is/unsafe/fit-in/300x300/filters:fill(white)/product/86/8005623/1.jpg?3110"
"Arsuxeo Girls Canvas Shoes Kids Polka Dot Bow Princess Flats Baby Shoes Soft Sole Casual Shoes","KSh 250","KSh 2,680","91%","5 out of 5",100,"https://www.jumia.co.ke/arsuxeo-girls-canvas-shoes-kids-polka-dot-bow-princess-flats-baby-shoes-soft-sole-casual-shoes-326559629.html","https://ke.jumia.is/unsafe/fit-in/300x300/filters:fill(white)/product/92/6955623/1.jpg?9487"
"Arsuxeo 1-5 Years Baby Toddler Shoes Boys Girls Kids Walking Sneakers Children Shoes Canvas Spring","KSh 675","KSh 3,375","80%","4.4 out of 5",,"https://www.jumia.co.ke/arsuxeo-1-5-years-baby-toddler-shoes-boys-girls-kids-walking-sneakers-children-shoes-canvas-spring-326561365.html","https://ke.jumia.is/unsafe/fit-in/300x300/filters:fill(white)/product/56/3165623/1.jpg?6355"
"Lindy Single Row 9 Layer Shoe Wardrobe - Brown","KSh 1,206","KSh 2,680","55%","3.5 out of 5",70,"https://www.jumia.co.ke/lindy-single-row-9-layer-shoe-wardrobe-brown-325684631.html","https://ke.jumia.is/unsafe/fit-in/300x300/filters:fill(white)/product/13/6486523/1.jpg?4045"
"Arsuxeo 6-16 Years Children Sneakers Girls Summer Kids Shoes Casual","KSh 536","KSh 2,814","81%","4.2 out of 5",84,"https://www.jumia.co.ke/arsuxeo-6-16-years-children-sneakers-girls-summer-kids-shoes-casual-326559606.html","https://ke.jumia.is/unsafe/fit-in/300x300/filters:fill(white)/product/60/6955623/1.jpg?6763"
"GLARPEBIE Men's Formal Shoes Leather Shoes for Men Formal Pointed Business Tuxedo Shoes  - Black","KSh 1,206","KSh 2,412","50%","3.8 out of 5",76,"https://www.jumia.co.ke/glarpebie-mens-formal-shoes-leather-shoes-for-men-formal-pointed-business-tuxedo-shoes-black-325815296.html","https://ke.jumia.is/unsafe/fit-in/300x300/filters:fill(white)/product/69/2518523/1.jpg?6391"
"Lindy Foldable Closet Cabinet - 10 Shelves - Red","KSh 1,943","KSh 2,680","28%","3.9 out of 5",78,"https://www.jumia.co.ke/foldable-closet-cabinet-10-shelves-red-lindy-mpg9519557.html","https://ke.jumia.is/unsafe/fit-in/300x300/filters:fill(white)/product/24/9082523/1.jpg?0523"
"Arsuxeo Children Girls Canvas Shoes Kids Casual Sneakers Breathable Flat Shoes","KSh 400","KSh 2,680","85%","4 out of 5",80,"https://www.jumia.co.ke/arsuxeo-children-girls-canvas-shoes-kids-casual-sneakers-breathable-flat-shoes-326560842.html","https://ke.jumia.is/unsafe/fit-in/300x300/filters:fill(white)/product/24/8065623/1.jpg?8204"
"BLWOENS Men's Formal Shoes Tuxedo Dress Shoes Classic Oxfords Faux Patent Leather Shoes for Men Lace-up Dress Shoes for Business Wedding Suit - Black","KSh 1,206","KSh 2,144","44%","4.4 out of 5",,"https://www.jumia.co.ke/blwoens-mens-formal-shoes-tuxedo-dress-shoes-classic-oxfords-faux-patent-leather-shoes-for-men-lace-up-dress-shoes-for-business-wedding-suit-black-325815277.html","https://ke.jumia.is/unsafe/fit-in/300x300/filters:fill(white)/product/77/2518523/1.jpg?6309"
"VANHUHU Men's Black Slip-On Formal Loafers - Classic Oxford Style, Comfortable Textile","KSh 2,790","KSh 2,980","6%","3.8 out of 5",76,"https://www.jumia.co.ke/vanhuhu-mens-black-slip-on-formal-loafers-classic-oxford-style-comfortable-textile-326150378.html","https://ke.jumia.is/unsafe/fit-in/300x300/filters:fill(white)/product/87/3051623/1.jpg?1100"
"Boy Girls Sneakers Children's Breathable Mesh Lightweight Comfortable Kids Sport Casual Shoes - Black","KSh 500","KSh 670","25%","4 out of 5",80,"https://www.jumia.co.ke/fashion-boy-girls-sneakers-childrens-breathable-mesh-lightweight-comfortable-kids-sport-casual-shoes-black-325470104.html","https://ke.jumia.is/unsafe/fit-in/300x300/filters:fill(white)/product/40/1074523/1.jpg?6496"
"Arsuxeo Children Shoes Soft Breathable Mesh Sneakers","KSh 764","KSh 2,010","62%","4.1 out of 5",,"https://www.jumia.co.ke/arsuxeo-children-shoes-soft-breathable-mesh-sneakers-326496761.html","https://ke.jumia.is/unsafe/fit-in/300x300/filters:fill(white)/product/16/7694623/1.jpg?3402"
"Arsuxeo 6-14 Years Children Sandals Summer Kids Boys Shoes Beach Soft Sole","KSh 370 - KSh 486","KSh 3,375 - KSh 4,050","91%","4.4 out of 5",,"https://www.jumia.co.ke/arsuxeo-6-14-years-children-sandals-summer-kids-boys-shoes-beach-soft-sole-326547630.html","https://ke.jumia.is/unsafe/fit-in/300x300/filters:fill(white)/product/03/6745623/1.jpg?8182"
"Banagat Men's Brown PU Leather Lace-Up Formal Shoes","KSh 2,203","KSh 2,474","11%","3.8 out of 5",76,"https://www.jumia.co.ke/banagat-mens-brown-pu-leather-lace-up-formal-shoes-169860866.html","https://ke.jumia.is/unsafe/fit-in/300x300/filters:fill(white)/product/66/8068961/1.jpg?7144"
"SXCHEN Men's Stylish Business Formal Office Leather Shoes","KSh 1,119 - KSh 1,399","KSh 2,238","50%","3.4 out of 5",68,"https://www.jumia.co.ke/sxchen-mens-stylish-business-formal-office-leather-shoes-314593190.html","https://ke.jumia.is/unsafe/fit-in/300x300/filters:fill(white)/product/09/1395413/1.jpg?9880"
"Arsuxeo Children Girls Canvas Shoes Kids Casual Sneakers Breathable Flat Shoes","KSh 400","KSh 2,680","85%","4.3 out of 5",86,"https://www.jumia.co.ke/arsuxeo-children-girls-canvas-shoes-kids-casual-sneakers-breathable-flat-shoes-326560795.html","https://ke.jumia.is/unsafe/fit-in/300x300/filters:fill(white)/product/59/7065623/1.jpg?7913"
"Gentleman Business Formal Casual Breathable Mens Leather Shoes - Brown","KSh 1,104 - KSh 1,179","KSh 2,010","45%","4.6 out of 5",,"https://www.jumia.co.ke/fashion-gentleman-business-formal-casual-breathable-mens-leather-shoes-brown-309419663.html","https://ke.jumia.is/unsafe/fit-in/300x300/filters:fill(white)/product/36/6914903/1.jpg?5646"
"Arsuxeo Summer Baby Toddler Sandals Kids Girls Shoes Beach Soft Sole Cartoon","KSh 200","KSh 2,144","91%",,,"https://www.jumia.co.ke/arsuxeo-summer-baby-toddler-sandals-kids-girls-shoes-beach-soft-sole-cartoon-326485060.html","https://ke.jumia.is/unsafe/fit-in/300x300/filters:fill(white)/product/06/0584623/1.jpg?2860"
"Arsuxeo Girls Sandals Princess Children Sandals Bow Tie Shoes Casual Non Slip Kids Beach Shoes","KSh 300","KSh 3,350","91%","4.4 out of 5",,"https://www.jumia.co.ke/arsuxeo-girls-sandals-princess-children-sandals-bow-tie-shoes-casual-non-slip-kids-beach-shoes-325530971.html","https://ke.jumia.is/unsafe/fit-in/300x300/filters:fill(white)/product/17/9035523/1.jpg?5432"
"VANHUHU Men's Office Formal Loafers Slip-Ons Flat Business Shoes Khaki","KSh 1,780","KSh 2,680","34%","5 out of 5",100,"https://www.jumia.co.ke/vanhuhu-mens-office-formal-loafers-slip-ons-flat-business-shoes-khaki-326128287.html","https://ke.jumia.is/unsafe/fit-in/300x300/filters:fill(white)/product/78/2821623/1.jpg?7738"
"Children's Canvas Shoes Toddler Shoes Non-slip Footwear","KSh 938","KSh 2,010","53%","4.9 out of 5",,"https://www.jumia.co.ke/fashion-childrens-canvas-shoes-toddler-shoes-non-slip-footwear-326426291.html","https://ke.jumia.is/unsafe/fit-in/300x300/filters:fill(white)/product/19/2624623/1.jpg?2679"
"Men's Formal Oxford Official Corporate Lace up Flat Business Shoes Black","KSh 1,800","KSh 2,412","25%","4 out of 5",80,"https://www.jumia.co.ke/fashion-mens-formal-oxford-official-corporate-lace-up-flat-business-shoes-black-326458043.html","https://ke.jumia.is/unsafe/fit-in/300x300/filters:fill(white)/product/34/0854623/1.jpg?2761"
"AIDAILU LED Light Shoes For Kids Girls Sneaker Baby Lightweight Sports Shoes -  Pink","KSh 981","KSh 1,802","46%","4 out of 5",80,"https://www.jumia.co.ke/aidailu-led-light-shoes-for-kids-girls-sneaker-baby-lightweight-sports-shoes-pink-122680905.html","https://ke.jumia.is/unsafe/fit-in/300x300/filters:fill(white)/product/50/9086221/1.jpg?8240"
"Baby Children Indoor Non-Slip Soft Soled Comfortable Shoes Sandals","KSh 536","KSh 1,340","60%","4.3 out of 5",86,"https://www.jumia.co.ke/fashion-baby-children-indoor-non-slip-soft-soled-comfortable-shoes-sandals-326426227.html","https://ke.jumia.is/unsafe/fit-in/300x300/filters:fill(white)/product/72/2624623/1.jpg?0653"
"Textured Pattern Men Casual Gentleman Business Formal Leather Shoes - Black","KSh 1,104 - KSh 1,179","KSh 2,010","45%","3.4 out of 5",68,"https://www.jumia.co.ke/fashion-textured-pattern-men-casual-gentleman-business-formal-leather-shoes-black-309420657.html","https://ke.jumia.is/unsafe/fit-in/300x300/filters:fill(white)/product/75/6024903/1.jpg?2932"
"SHJO Men's Luxury Wedding Office Formal Shoes Loafers Oxfords Formal Flat Black","KSh 1,199 - KSh 1,274","KSh 2,546","53%","4.7 out of 5",94,"https://www.jumia.co.ke/shjo-mens-luxury-wedding-office-formal-shoes-loafers-oxfords-formal-flat-black-326506529.html","https://ke.jumia.is/unsafe/fit-in/300x300/filters:fill(white)/product/92/5605623/1.jpg?8742"
"Children's Canvas Shoes Toddler Shoes Non-slip Footwear","KSh 606 - KSh 938","KSh 2,010","70%","4 out of 5",80,"https://www.jumia.co.ke/fashion-childrens-canvas-shoes-toddler-shoes-non-slip-footwear-326426360.html","https://ke.jumia.is/unsafe/fit-in/300x300/filters:fill(white)/product/06/3624623/1.jpg?4388"
"Arsuxeo Children Shoes Soft Breathable Mesh Sneakers","KSh 764","KSh 2,010","62%","3.3 out of 5",66,"https://www.jumia.co.ke/arsuxeo-children-shoes-soft-breathable-mesh-sneakers-326496773.html","https://ke.jumia.is/unsafe/fit-in/300x300/filters:fill(white)/product/37/7694623/1.jpg?3821"
"EU40-47 High-end Large-size Men's Business Leather Shoes With A Sense Of Luxury Shiny Formal Shoes Suitable For Young Men's Casual And Versatile Wear Formal Shoes Mens Shoes Loafers Shoes Business Shoes Flats Shoes For Mens Work Shoes","KSh 899 - KSh 1,206","KSh 2,680","67%","4.3 out of 5",86,"https://www.jumia.co.ke/fashion-eu40-47-high-end-large-size-mens-business-leather-shoes-with-a-sense-of-luxury-shiny-formal-shoes-suitable-for-young-mens-casual-and-versatile-wear-formal-shoes-mens-shoes-loafers-shoes-business-shoes-flats-shoes-for-mens-work-shoes-327321387.html","https://ke.jumia.is/unsafe/fit-in/300x300/filters:fill(white)/product/78/3123723/1.jpg?6135"
"Arsuxeo Summer Baby Toddler Sandals Kids Boys Shoes Beach Soft Sole Cartoon","KSh 200","KSh 2,144","91%","3 out of 5",60,"https://www.jumia.co.ke/arsuxeo-summer-baby-toddler-sandals-kids-boys-shoes-beach-soft-sole-cartoon-326485042.html","https://ke.jumia.is/unsafe/fit-in/300x300/filters:fill(white)/product/24/0584623/1.jpg?3014"
"LM LM 8-Tier Freestanding Shoe Rack Organizer, Large Capacity Steel Storage Shelf for Shoes, Bags, Entryway & Bedroom 55×25×141cm Black","KSh 1,280","KSh 1,751","27%","4 out of 5",80,"https://www.jumia.co.ke/lm-lm-8-tier-freestanding-shoe-rack-organizer-large-capacity-steel-storage-shelf-for-shoes-bags-entryway-bedroom-5525141cm-black-314553962.html","https://ke.jumia.is/unsafe/fit-in/300x300/filters:fill(white)/product/26/9355413/1.jpg?7622"
"Lindy Single Row 9 Layer Shoe Wardrobe - Red","KSh 1,340","KSh 2,680","50%","3.9 out of 5",78,"https://www.jumia.co.ke/lindy-single-row-9-layer-shoe-wardrobe-red-300560321.html","https://ke.jumia.is/unsafe/fit-in/300x300/filters:fill(white)/product/12/3065003/1.jpg?9471"
"TIMBUTUS 6-Tier Steel Pipe Shoe Rack","KSh 1,273","KSh 2,010","37%","3.5 out of 5",70,"https://www.jumia.co.ke/timbutus-6-tier-steel-pipe-shoe-rack-315586547.html","https://ke.jumia.is/unsafe/fit-in/300x300/filters:fill(white)/product/74/5685513/1.jpg?8243"
"TIMBUTUS 5-layer Steel Pipe Shoe Rack (56 * 25.5 * 90cm)","KSh 1,581","KSh 3,350","53%","3.8 out of 5",76,"https://www.jumia.co.ke/timbutus-5-layer-steel-pipe-shoe-rack-56-25.5-90cm-303189222.html","https://ke.jumia.is/unsafe/fit-in/300x300/filters:fill(white)/product/22/2981303/1.jpg?6553"
"LM 6-Tier Shoe Organizer with Translucent Panels, Space-Saving Shoe Storage Cabinet for Entrance & Home, 28×58×117cm","KSh 1,399","KSh 2,010","30%",,,"https://www.jumia.co.ke/lm-6-tier-shoe-organizer-with-translucent-panels-space-saving-shoe-storage-cabinet-for-entrance-home-2858117cm-327990966.html","https://ke.jumia.is/unsafe/fit-in/300x300/filters:fill(white)/product/66/9099723/1.jpg?6182"
"LM Mobile Garment Rack with Hanging Rail & Storage Shelves, Space-Saving Clothes Organizer with Wheels, Black","KSh 1,420","KSh 1,742","19%",,,"https://www.jumia.co.ke/lm-mobile-garment-rack-with-hanging-rail-storage-shelves-space-saving-clothes-organizer-with-wheels-black-327991017.html","https://ke.jumia.is/unsafe/fit-in/300x300/filters:fill(white)/product/71/0199723/1.jpg?7619"
"4 Floor Home Shoe Rack Door Storage Rack Shoe Cabinet","KSh 1,273","KSh 4,020","68%",,,"https://www.jumia.co.ke/generic-4-floor-home-shoe-rack-door-storage-rack-shoe-cabinet-327223768.html","https://ke.jumia.is/unsafe/fit-in/300x300/filters:fill(white)/product/86/7322723/1.jpg?6027"
"4 Tiers Shoe Rack Home Shoe Organizers Storage Racks Device Shelves","KSh 4,655","KSh 5,320","13%",,,"https://www.jumia.co.ke/generic-4-tiers-shoe-rack-home-shoe-organizers-storage-racks-device-shelves-327237002.html","https://ke.jumia.is/unsafe/fit-in/300x300/filters:fill(white)/product/20/0732723/1.jpg?6600"
"5 Layer Shoe Rack Household Doorstep Shoe Cabinet Storage Organizer","KSh 1,474","KSh 6,700","78%","5 out of 5",100,"https://www.jumia.co.ke/generic-5-layer-shoe-rack-household-doorstep-shoe-cabinet-storage-organizer-327262096.html","https://ke.jumia.is/unsafe/fit-in/300x300/filters:fill(white)/product/69/0262723/1.jpg?8296"
"4-Tier Shoe Rack Storage Rack for Living Room Bedroom Shoe Storage Organizer","KSh 1,273","KSh 4,690","73%",,,"https://www.jumia.co.ke/generic-4-tier-shoe-rack-storage-rack-for-living-room-bedroom-shoe-storage-organizer-327224229.html","https://ke.jumia.is/unsafe/fit-in/300x300/filters:fill(white)/product/92/2422723/1.jpg?9003"
"Lindy 8 Tier Shoe Rack - Silver/Black","KSh 995","KSh 1,350","26%",,,"https://www.jumia.co.ke/lindy-8-tier-shoe-rack-silverblack-326119429.html","https://ke.jumia.is/unsafe/fit-in/300x300/filters:fill(white)/product/92/4911623/1.jpg?3347"
"TIMBUTUS 7-layer Steel Pipe Shoe Rack (56 * 25.5 * 125cm)","KSh 1,648","KSh 2,680","39%","4.2 out of 5",84,"https://www.jumia.co.ke/timbutus-7-layer-steel-pipe-shoe-rack-56-25.5-125cm-319350213.html","https://ke.jumia.is/unsafe/fit-in/300x300/filters:fill(white)/product/31/2053913/1.jpg?0328"
"VANHUHU Men's Italian Formal Loafers & Slip-Ons Flat Business Shoes Black","KSh 2,010","KSh 2,412","17%",,,"https://www.jumia.co.ke/vanhuhu-mens-italian-formal-loafers-slip-ons-flat-business-shoes-black-327523048.html","https://ke.jumia.is/unsafe/fit-in/300x300/filters:fill(white)/product/84/0325723/1.jpg?4296"
"VANHUHU Men's Italian Formal Oxford Loafers Lace up Flat Business Shoes Black","KSh 1,981","KSh 2,412","18%","4.5 out of 5",90,"https://www.jumia.co.ke/vanhuhu-mens-italian-formal-oxford-loafers-lace-up-flat-business-shoes-black-326347332.html","https://ke.jumia.is/unsafe/fit-in/300x300/filters:fill(white)/product/23/3743623/1.jpg?3272"
"SHJO Loafers Men Comfortable Business Faux Leather Lightweight Slip-on Driving Moccasins Casual Shoes - Black","KSh 648 - KSh 720","KSh 1,474","56%",,,"https://www.jumia.co.ke/shjo-loafers-men-comfortable-business-faux-leather-lightweight-slip-on-driving-moccasins-casual-shoes-black-326562727.html","https://ke.jumia.is/unsafe/fit-in/300x300/filters:fill(white)/product/72/7265623/1.jpg?6811"
"Men's  Formal Glossy Tassel Brogue Shoes Loafers & Slip-ons Formal Black","KSh 2,137 - KSh 2,726","KSh 3,087","31%","4.1 out of 5",,"https://www.jumia.co.ke/fashion-mens-formal-glossy-tassel-brogue-shoes-loafers-slip-ons-formal-black-178013928.html","https://ke.jumia.is/unsafe/fit-in/300x300/filters:fill(white)/product/82/9310871/1.jpg?8535"
"Lindy Single Row 9 Layer Shoe Wardrobe, Grey","KSh 1,541","KSh 2,680","43%","3.8 out of 5",76,"https://www.jumia.co.ke/lindy-single-row-9-layer-shoe-wardrobe-grey-300560306.html","https://ke.jumia.is/unsafe/fit-in/300x300/filters:fill(white)/product/60/3065003/1.jpg?9487"
"Portable shoe rack","KSh 949","KSh 1,500","37%",,,"https://www.jumia.co.ke/generic-portable-shoe-rack-328564162.html","https://ke.jumia.is/unsafe/fit-in/300x300/filters:fill(white)/product/26/1465823/1.jpg?6209"
"LM 5-Tier Multifunctional Shoe Rack, Space-Saving Shoe & Storage Organizer for Entrance Bedroom Dormitory, White","KSh 1,435","KSh 1,742","18%",,,"https://www.jumia.co.ke/lm-5-tier-multifunctional-shoe-rack-space-saving-shoe-storage-organizer-for-entrance-bedroom-dormitory-white-327990870.html","https://ke.jumia.is/unsafe/fit-in/300x300/filters:fill(white)/product/07/8099723/1.jpg?5913"
"4-Tier Shoe Rack Storage Rack for Living Room Bedroom Shoe Storage Organizer","KSh 1,273","KSh 4,690","73%","3 out of 5",60,"https://www.jumia.co.ke/generic-4-tier-shoe-rack-storage-rack-for-living-room-bedroom-shoe-storage-organizer-327224214.html","https://ke.jumia.is/unsafe/fit-in/300x300/filters:fill(white)/product/41/2422723/1.jpg?8793"
"TIMBUTUS Dustproof Shoe Rack Organizer – 7-layer Storage Cabinet with Cover  (60 * 30 * 123cm)","KSh 1,474","KSh 2,680","45%","3.1 out of 5",62,"https://www.jumia.co.ke/timbutus-dustproof-shoe-rack-organizer-7-layer-storage-cabinet-with-cover-60-30-123cm-325317704.html","https://ke.jumia.is/unsafe/fit-in/300x300/filters:fill(white)/product/40/7713523/1.jpg?3816"
"Banagat Men's Black PU Leather Casual Oxfords Shoes","KSh 1,770 - KSh 2,258","KSh 2,680","34%","4 out of 5",80,"https://www.jumia.co.ke/banagat-mens-black-pu-leather-casual-oxfords-shoes-317205452.html","https://ke.jumia.is/unsafe/fit-in/300x300/filters:fill(white)/product/25/4502713/1.jpg?0309"
"SHJO Loafers Men Oxford Male Breathable Casual Faux Leather Flexible Lightweight Elegant Slip-on Classic Formal Shoes  - Black","KSh 1,274 - KSh 1,349","KSh 2,546","50%","3.8 out of 5",76,"https://www.jumia.co.ke/shjo-loafers-men-oxford-male-breathable-casual-faux-leather-flexible-lightweight-elegant-slip-on-classic-formal-shoes-black-326506487.html","https://ke.jumia.is/unsafe/fit-in/300x300/filters:fill(white)/product/78/4605623/1.jpg?2076"
"GLARPEBIE Men's Formal Shoes Leather Shoes for Men Formal Pointed Business Tuxedo Shoes - Black","KSh 1,206","KSh 2,412","50%","3 out of 5",60,"https://www.jumia.co.ke/glarpebie-mens-formal-shoes-leather-shoes-for-men-formal-pointed-business-tuxedo-shoes-black-325815301.html","https://ke.jumia.is/unsafe/fit-in/300x300/filters:fill(white)/product/10/3518523/1.jpg?6395"
"VANHUHU Men's Italian Formal Loafers & Slip-Ons Flat Business Shoes Black","KSh 1,742","KSh 2,010","13%",,,"https://www.jumia.co.ke/vanhuhu-mens-italian-formal-loafers-slip-ons-flat-business-shoes-black-327797228.html","https://ke.jumia.is/unsafe/fit-in/300x300/filters:fill(white)/product/82/2797723/1.jpg?2853"
"VANHUHU Men's Italian Formal Loafers Lace up Flat Business Shoes Gold","KSh 2,350","KSh 2,680","12%",,,"https://www.jumia.co.ke/vanhuhu-mens-italian-formal-loafers-lace-up-flat-business-shoes-gold-327518056.html","https://ke.jumia.is/unsafe/fit-in/300x300/filters:fill(white)/product/65/0815723/1.jpg?5057"
"5 Tiers Shoe Shelf Storage Organizer Entrance Shoe Rack","KSh 3,990","KSh 4,655","14%",,,"https://www.jumia.co.ke/generic-5-tiers-shoe-shelf-storage-organizer-entrance-shoe-rack-327237019.html","https://ke.jumia.is/unsafe/fit-in/300x300/filters:fill(white)/product/91/0732723/1.jpg?8098"
"5 Layers Shoes Organizer Shoe Rack Housing Entrance For Living Room","KSh 1,474","KSh 6,700","78%",,,"https://www.jumia.co.ke/generic-5-layers-shoes-organizer-shoe-rack-housing-entrance-for-living-room-327224344.html","https://ke.jumia.is/unsafe/fit-in/300x300/filters:fill(white)/product/44/3422723/1.jpg?0518"
"4 Tiers Shoe Rack Home Shoe Organizers Storage Racks Device Shelves","KSh 1,340","KSh 4,690","71%",,,"https://www.jumia.co.ke/generic-4-tiers-shoe-rack-home-shoe-organizers-storage-racks-device-shelves-327236997.html","https://ke.jumia.is/unsafe/fit-in/300x300/filters:fill(white)/product/79/9632723/1.jpg?6433"
"Yxahee  Hat & Shoe Rack( For Bag, Cap, Multipurpose Use )--5 Layer","KSh 1,474","KSh 2,680","45%","3.5 out of 5",70,"https://www.jumia.co.ke/yxahee-hat-shoe-rack-for-bag-cap-multipurpose-use-5-layer-326176766.html","https://ke.jumia.is/unsafe/fit-in/300x300/filters:fill(white)/product/66/7671623/1.jpg?6098"
"Children Sneakers Kids Non-slip Casual Shoes Boys Girls Toddler Shoes","KSh 779","KSh 3,350","77%","4.8 out of 5",96,"https://www.jumia.co.ke/fashion-children-sneakers-kids-non-slip-casual-shoes-boys-girls-toddler-shoes-326426831.html","https://ke.jumia.is/unsafe/fit-in/300x300/filters:fill(white)/product/13/8624623/1.jpg?4806"
"Arsuxeo Kids Cute Summer Slip-On Mules Sandals for Boys Beach Walking Slippers","KSh 250","KSh 2,010","88%","5 out of 5",100,"https://www.jumia.co.ke/arsuxeo-kids-cute-summer-slip-on-mules-sandals-for-boys-beach-walking-slippers-326501249.html","https://ke.jumia.is/unsafe/fit-in/300x300/filters:fill(white)/product/94/2105623/1.jpg?0910"
"Men's Pointed Toe Dress Shoes, Non-Slip Business Shoes, Formal Oxford Lace-Up Shoes for Men, Wedding Shoes, Men's Leather Shoes - Black","KSh 1,300","KSh 2,278","43%","3.4 out of 5",68,"https://www.jumia.co.ke/fashion-mens-pointed-toe-dress-shoes-non-slip-business-shoes-formal-oxford-lace-up-shoes-for-men-wedding-shoes-mens-leather-shoes-black-324857673.html","https://ke.jumia.is/unsafe/fit-in/300x300/filters:fill(white)/product/37/6758423/1.jpg?1153"
"Banagat Men's Oxfords Office Loafers Wedding Formal Shoes Corporate Black","KSh 1,936","KSh 2,763","30%","4.1 out of 5",,"https://www.jumia.co.ke/banagat-mens-oxfords-office-loafers-wedding-formal-shoes-corporate-black-148053782.html","https://ke.jumia.is/unsafe/fit-in/300x300/filters:fill(white)/product/28/7350841/1.jpg?7105"
"Mateamoda Shoe Rack Stackable Assembly Shoe Clothes Organizer-6 Layers","KSh 938","KSh 1,903","51%","3.8 out of 5",76,"https://www.jumia.co.ke/mateamoda-shoe-rack-stackable-assembly-shoe-clothes-organizer-6-layers-38982977.html","https://ke.jumia.is/unsafe/fit-in/300x300/filters:fill(white)/product/77/928983/1.jpg?3481"
"6-16 Years Old Children Lightweight Non-slip Sport Sneakers Shoes","KSh 1,340","KSh 2,010","33%","4.6 out of 5",,"https://www.jumia.co.ke/fashion-6-16-years-old-children-lightweight-non-slip-sport-sneakers-shoes-326433466.html","https://ke.jumia.is/unsafe/fit-in/300x300/filters:fill(white)/product/66/4334623/1.jpg?6766"
"Arsuxeo 1-5 Years Children Girls Sandals Baby Toddler Shoes Summer Cartoon","KSh 268","KSh 2,144","88%","4.2 out of 5",84,"https://www.jumia.co.ke/arsuxeo-1-5-years-children-girls-sandals-baby-toddler-shoes-summer-cartoon-326648784.html","https://ke.jumia.is/unsafe/fit-in/300x300/filters:fill(white)/product/48/7846623/1.jpg?3088"
"Arsuxeo 6-16 Years Children Sneakers Girls Summer Kids Boys Shoes Casual","KSh 408 - KSh 536","KSh 2,814","86%","4 out of 5",80,"https://www.jumia.co.ke/arsuxeo-6-16-years-children-sneakers-girls-summer-kids-boys-shoes-casual-326559602.html","https://ke.jumia.is/unsafe/fit-in/300x300/filters:fill(white)/product/20/6955623/1.jpg?6961"
"Men's Black Loafers - Casual Slip-On Business Shoes Rubber Sole","KSh 1,301","KSh 2,412","46%","3 out of 5",60,"https://www.jumia.co.ke/fashion-mens-black-loafers-casual-slip-on-business-shoes-rubber-sole-326458753.html","https://ke.jumia.is/unsafe/fit-in/300x300/filters:fill(white)/product/35/7854623/1.jpg?7122"
"Yxahee Home hanging clothes rack, wall corner clothes rack, simple drying rack, multi-layer coat rack","KSh 1,206","KSh 2,010","40%","5 out of 5",100,"https://www.jumia.co.ke/yxahee-home-hanging-clothes-rack-wall-corner-clothes-rack-simple-drying-rack-multi-layer-coat-rack-327528767.html","https://ke.jumia.is/unsafe/fit-in/300x300/filters:fill(white)/product/76/7825723/1.jpg?6244"
"Arsuxeo Children's Sports Shoes Unisex Kids Sneakers High-top","KSh 1,180","KSh 2,500","53%","4.6 out of 5",,"https://www.jumia.co.ke/arsuxeo-childrens-sports-shoes-unisex-kids-sneakers-high-top-326458366.html","https://ke.jumia.is/unsafe/fit-in/300x300/filters:fill(white)/product/66/3854623/1.jpg?7403"
"Baby Toddler Shoes Girls Mesh Kids Sneakers Children Sport Shoes Tenis","KSh 650","KSh 3,350 - KSh 4,020","84%","3.5 out of 5",70,"https://www.jumia.co.ke/fashion-baby-toddler-shoes-girls-mesh-kids-sneakers-children-sport-shoes-tenis-326434848.html","https://ke.jumia.is/unsafe/fit-in/300x300/filters:fill(white)/product/84/8434623/1.jpg?3396"
"Arsuxeo Kids Sports Shoes Children Casual Running Shoes for Girls Air Mesh Breathable Sneakers - Purple","KSh 700","KSh 2,010","65%","5 out of 5",100,"https://www.jumia.co.ke/arsuxeo-kids-sports-shoes-children-casual-running-shoes-for-girls-air-mesh-breathable-sneakers-purple-326442376.html","https://ke.jumia.is/unsafe/fit-in/300x300/filters:fill(white)/product/67/3244623/1.jpg?2635"
"Arsuxeo 1-12 Years Kids Girls Shoes Baby Spring Princess Sandals Children","KSh 400","KSh 3,350","88%","3.3 out of 5",66,"https://www.jumia.co.ke/arsuxeo-1-12-years-kids-girls-shoes-baby-spring-princess-sandals-children-326501013.html","https://ke.jumia.is/unsafe/fit-in/300x300/filters:fill(white)/product/31/0105623/1.jpg?1832"
"8 Pcs Enlarge Non-Slip Shoe Pads for Bottom of Shoes, Self-Adhesive Sole Protectors for High Heels & Flats, Anti-Skid Shoe Grips Stickers for Noise Reduction(4.3 in * 3 in/3.5 in *2.3 in)","KSh 401","KSh 938","57%","4.7 out of 5",94,"https://www.jumia.co.ke/fashion-8-pcs-enlarge-non-slip-shoe-pads-for-bottom-of-shoes-self-adhesive-sole-protectors-for-high-heels-flats-anti-skid-shoe-grips-stickers-for-noise-reduction4.3-in-3-in3.5-in-2.3-in-326281806.html","https://ke.jumia.is/unsafe/fit-in/300x300/filters:fill(white)/product/60/8182623/1.jpg?8104"
"Arsuxeo Children's Slipper Summer Toddler at Home Shoes","KSh 250","KSh 2,010","88%","5 out of 5",100,"https://www.jumia.co.ke/arsuxeo-childrens-slipper-summer-toddler-at-home-shoes-326506174.html","https://ke.jumia.is/unsafe/fit-in/300x300/filters:fill(white)/product/47/1605623/1.jpg?0074"
"Arsuxeo Cute bow Leather Girls Shoes Princess Dress School Shoe","KSh 600","KSh 2,010","70%","4.3 out of 5",86,"https://www.jumia.co.ke/arsuxeo-cute-bow-leather-girls-shoes-princess-dress-school-shoe-326484899.html","https://ke.jumia.is/unsafe/fit-in/300x300/filters:fill(white)/product/99/8484623/1.jpg?1283"
"SHJO Dress Shoes Men Business Office Wedding Faux Leather Non-slip Wear-resistant Comfortable Slip On Formal Loafers Black","KSh 1,024 - KSh 1,359","KSh 3,082","67%","4.2 out of 5",84,"https://www.jumia.co.ke/shjo-dress-shoes-men-business-office-wedding-faux-leather-non-slip-wear-resistant-comfortable-slip-on-formal-loafers-black-326506490.html","https://ke.jumia.is/unsafe/fit-in/300x300/filters:fill(white)/product/09/4605623/1.jpg?0336"
"Kids Canvas Shoes Casual Girls Sneakers Shoes Soft Rubber Sole Flat","KSh 300","KSh 2,010","85%",,,"https://www.jumia.co.ke/fashion-kids-canvas-shoes-casual-girls-sneakers-shoes-soft-rubber-sole-flat-326426025.html","https://ke.jumia.is/unsafe/fit-in/300x300/filters:fill(white)/product/52/0624623/1.jpg?1023"
"Arsuxeo 7-16 Years Children Boots Girls Shoes Kids Shiny Short Boots Spring","KSh 1,206","KSh 4,288","72%","4.2 out of 5",84,"https://www.jumia.co.ke/arsuxeo-7-16-years-children-boots-girls-shoes-kids-shiny-short-boots-spring-326714827.html","https://ke.jumia.is/unsafe/fit-in/300x300/filters:fill(white)/product/72/8417623/1.jpg?6354"
"SHJO Men'S Stylish Black Slip-On Dress Shoes - Business Casual Wedding Party","KSh 1,147","KSh 2,278","50%","5 out of 5",100,"https://www.jumia.co.ke/shjo-mens-stylish-black-slip-on-dress-shoes-business-casual-wedding-party-326849895.html","https://ke.jumia.is/unsafe/fit-in/300x300/filters:fill(white)/product/59/8948623/1.jpg?7873"
"BLWOENS Men's Formal Shoes Tuxedo Dress Shoes Classic Oxfords Faux Patent Leather Shoe for Men Business Wedding Suit- Black","KSh 1,005","KSh 2,680","63%","3.9 out of 5",78,"https://www.jumia.co.ke/blwoens-mens-formal-shoes-tuxedo-dress-shoes-classic-oxfords-faux-patent-leather-shoe-for-men-business-wedding-suit-black-269541525.html","https://ke.jumia.is/unsafe/fit-in/300x300/filters:fill(white)/product/52/5145962/1.jpg?6976"
"Arsuxeo 1-9 Years Children Sneakers Boys Girls Casual Mesh Tenis Kids Toddler Shoes","KSh 750","KSh 3,484 - KSh 4,020","81%","4.7 out of 5",94,"https://www.jumia.co.ke/arsuxeo-1-9-years-children-sneakers-boys-girls-casual-mesh-tenis-kids-toddler-shoes-326769218.html","https://ke.jumia.is/unsafe/fit-in/300x300/filters:fill(white)/product/81/2967623/1.jpg?2758"
"VEOUNDK New Men's Fashion Leather Shoes - black","KSh 1,327","KSh 2,144","38%","4 out of 5",80,"https://www.jumia.co.ke/veoundk-new-mens-fashion-leather-shoes-black-327524812.html","https://ke.jumia.is/unsafe/fit-in/300x300/filters:fill(white)/product/21/8425723/1.jpg?6103"
"SHJO Loafers Men Comfortable Business Faux Leather Lightweight Slip-on Driving Moccasins Casual Shoes - Black","KSh 648 - KSh 720","KSh 1,474","56%",,,"https://www.jumia.co.ke/shjo-loafers-men-comfortable-business-faux-leather-lightweight-slip-on-driving-moccasins-casual-shoes-black-326562727.html","https://ke.jumia.is/unsafe/fit-in/300x300/filters:fill(white)/product/72/7265623/1.jpg?6811"
"Men's Basketball Shoes Professional Sports Shoes","KSh 2,479","KSh 2,680","8%","3.9 out of 5",78,"https://www.jumia.co.ke/fashion-mens-basketball-shoes-professional-sports-shoes-172086727.html","https://ke.jumia.is/unsafe/fit-in/300x300/filters:fill(white)/product/72/7680271/1.jpg?8637"
"5-16 Years Old Children Lightweight Non-slip Sport Sneakers Shoes","KSh 1,340","KSh 2,010","33%","4.2 out of 5",84,"https://www.jumia.co.ke/fashion-5-16-years-old-children-lightweight-non-slip-sport-sneakers-shoes-326433462.html","https://ke.jumia.is/unsafe/fit-in/300x300/filters:fill(white)/product/26/4334623/1.jpg?6226"
"Lindy Single Row 5 Layer Shoe Wardrobe - Brown","KSh 999","KSh 2,010","50%","4 out of 5",80,"https://www.jumia.co.ke/lindy-single-row-5-layer-shoe-wardrobe-brown-325684658.html","https://ke.jumia.is/unsafe/fit-in/300x300/filters:fill(white)/product/85/6486523/1.jpg?4405"
"Girls Princess Shoes PU Leather Hook & Loop Back to School Party Sandal for Kids Red Single Flower","KSh 1,300","KSh 2,010","35%","4.9 out of 5",,"https://www.jumia.co.ke/fashion-girls-princess-shoes-pu-leather-hook-loop-back-to-school-party-sandal-for-kids-red-single-flower-316992231.html","https://ke.jumia.is/unsafe/fit-in/300x300/filters:fill(white)/product/13/2299613/1.jpg?0666"
"Arsuxeo 2-13 Years Kids Girls Shoes Bowtie Children Princess Shoes Soft Sole","KSh 550","KSh 4,020","86%",,,"https://www.jumia.co.ke/arsuxeo-2-13-years-kids-girls-shoes-bowtie-children-princess-shoes-soft-sole-326649446.html","https://ke.jumia.is/unsafe/fit-in/300x300/filters:fill(white)/product/64/4946623/1.jpg?7648"
"Arsuxeo Kids Sports Shoes Children Casual Running Shoes for Girls Air Mesh Breathable Sneakers","KSh 700","KSh 3,350","79%","4.8 out of 5",96,"https://www.jumia.co.ke/arsuxeo-kids-sports-shoes-children-casual-running-shoes-for-girls-air-mesh-breathable-sneakers-325523200.html","https://ke.jumia.is/unsafe/fit-in/300x300/filters:fill(white)/product/00/2325523/1.jpg?7973"
"Lindy Dustproof Single Wardrobe, Coffee","KSh 1,407","KSh 3,350","58%","4 out of 5",80,"https://www.jumia.co.ke/lindy-dustproof-single-wardrobe-coffee-326421887.html","https://ke.jumia.is/unsafe/fit-in/300x300/filters:fill(white)/product/78/8124623/1.jpg?4875"
"Adjustable Portable Shoerack-6 LAYERS","KSh 1,349","KSh 2,500","46%","4.3 out of 5",86,"https://www.jumia.co.ke/generic-adjustable-portable-shoerack-6-layers-281308679.html","https://ke.jumia.is/unsafe/fit-in/300x300/filters:fill(white)/product/97/6803182/1.jpg?0617"
"Arsuxeo Children's Sports Shoes Unisex Kids Sneakers High-top","KSh 917","KSh 2,000","54%","5 out of 5",100,"https://www.jumia.co.ke/arsuxeo-childrens-sports-shoes-unisex-kids-sneakers-high-top-326458335.html","https://ke.jumia.is/unsafe/fit-in/300x300/filters:fill(white)/product/53/3854623/1.jpg?6859"
"Arsuxeo 1-7 Years Toddler Kids Boys Boots Spring Children Ankle Boots Shoes","KSh 1,018 - KSh 1,340","KSh 4,020","75%","4.2 out of 5",84,"https://www.jumia.co.ke/arsuxeo-1-7-years-toddler-kids-boys-boots-spring-children-ankle-boots-shoes-326727953.html","https://ke.jumia.is/unsafe/fit-in/300x300/filters:fill(white)/product/35/9727623/1.jpg?1038"
"Arsuxeo Kids Sports Shoes Children Casual Running Shoes for Girls Air Mesh Breathable Sneakers - Pink","KSh 700","KSh 2,010","65%","5 out of 5",100,"https://www.jumia.co.ke/arsuxeo-kids-sports-shoes-children-casual-running-shoes-for-girls-air-mesh-breathable-sneakers-pink-326442370.html","https://ke.jumia.is/unsafe/fit-in/300x300/filters:fill(white)/product/07/3244623/1.jpg?2356"
"Men's Oxford Shoes Business Wedding Office Dress Pointed British Style Strap - Black","KSh 1,279","KSh 3,350","62%","2 out of 5",40,"https://www.jumia.co.ke/fashion-mens-oxford-shoes-business-wedding-office-dress-pointed-british-style-strap-black-326336849.html","https://ke.jumia.is/unsafe/fit-in/300x300/filters:fill(white)/product/94/8633623/1.jpg?4403"
"BLWOENS Men's Leather Shoes Oxford Shoes for Men Formal Shoes Pointed Lace Up Business Tuxedo Shoes - Black","KSh 1,005 - KSh 1,206","KSh 1,876","46%","3.9 out of 5",78,"https://www.jumia.co.ke/blwoens-mens-leather-shoes-oxford-shoes-for-men-formal-shoes-pointed-lace-up-business-tuxedo-shoes-black-325815269.html","https://ke.jumia.is/unsafe/fit-in/300x300/filters:fill(white)/product/96/2518523/1.jpg?5136"
"Gentleman Business Formal Casual Soft Breathable Mens Leather Shoes - Black","KSh 1,104 - KSh 1,179","KSh 2,010","45%","2.5 out of 5",50,"https://www.jumia.co.ke/fashion-gentleman-business-formal-casual-soft-breathable-mens-leather-shoes-black-309421192.html","https://ke.jumia.is/unsafe/fit-in/300x300/filters:fill(white)/product/29/1124903/1.jpg?3367"
"Banagat Men's Formal Lace-Up Shoes - PU Leather Blue","KSh 2,203","KSh 2,474","11%","4.1 out of 5",,"https://www.jumia.co.ke/banagat-mens-formal-lace-up-shoes-pu-leather-blue-169858143.html","https://ke.jumia.is/unsafe/fit-in/300x300/filters:fill(white)/product/34/1858961/1.jpg?3353"